diameter,weight,cultivar
79,201,gala
75,190,gala
59,100,gala
66,135,gala
69,155,gala
61,107,gala
64,125,gala
73,171,gala
73,168,gala
67,152,gala
68,135,gala
69,152,gala
70,150,gala
76,180,gala
79,222,gala
71,170,gala
63,120,gala
69,163,gala
67,134,gala
73,171,gala
76,196,gala
60,144,gala
72,165,gala
70,159,gala
66,134,gala
71,164,gala
70,158,gala
73,160,gala
71,161,gala
73,173,gala
73,176,gala
69,155,gala
71,178,gala
77,195,gala
74,186,gala
75,198,gala
74,198,gala
67,135,gala
77,209,gala
62,119,gala
61,95,gala
69,162,gala
68,138,gala
73,188,gala
74,191,gala
78,206,gala
81,244,gala
73,186,gala
60,104,gala
68,159,gala
66,132,gala
69,159,gala
79,220,gala
67,135,gala
70,164,gala
74,174,gala
64,122,gala
68,148,gala
69,164,gala
72,185,gala
74,188,gala
71,190,gala
64,114,gala
66,148,gala
69,149,gala
72,179,gala
64,119,gala
63,156,gala
73,178,gala
65,126,gala
74,176,gala
74,189,gala
73,178,gala
66,130,gala
62,108,gala
72,171,gala
71,158,gala
67,127,gala
72,184,gala
77,160,gala
69,160,gala
71,170,gala
65,129,gala
74,194,gala
62,126,gala
66,133,gala
74,197,gala
66,138,gala
69,169,gala
66,140,gala
72,166,gala
75,213,gala
75,208,gala
74,183,gala
65,122,gala
81,235,gala
59,98,gala
70,171,gala
66,150,gala
66,133,gala
68,146,gala
71,170,gala
71,169,gala
58,94,gala
71,170,gala
66,146,gala
75,196,gala
67,145,gala
66,128,gala
69,164,gala
67,149,gala
69,163,gala
70,164,gala
79,223,gala
59,93,gala
73,190,gala
71,174,gala
77,203,gala
77,232,gala
70,160,gala
65,139,gala
62,122,gala
74,216,gala
66,132,gala
68,172,gala
75,194,gala
74,194,gala
81,263,gala
62,123,gala
71,162,gala
76,211,gala
72,193,gala
76,214,gala
76,215,gala
65,141,gala
74,182,gala
74,200,gala
71,187,gala
72,191,gala
79,224,gala
71,173,gala
74,190,gala
74,171,gala
70,158,gala
62,110,gala
73,180,gala
72,174,gala
66,137,gala
75,192,gala
67,154,gala
74,195,gala
64,124,gala
72,174,gala
75,186,gala
64,122,gala
68,152,gala
73,189,gala
73,175,gala
74,184,gala
70,163,gala
66,142,gala
73,175,gala
78,227,gala
76,216,gala
67,140,gala
74,188,gala
70,180,gala
68,157,gala
78,217,gala
73,178,gala
76,208,gala
73,183,gala
68,147,gala
72,181,gala
74,199,gala
78,229,gala
72,172,gala
74,189,gala
74,180,gala
70,162,gala
76,227,gala
71,176,gala
78,223,gala
75,211,gala
74,196,gala
75,213,gala
77,215,gala
73,180,gala
73,188,gala
77,223,gala
78,233,gala
75,204,gala
68,154,gala
67,145,gala
73,182,gala
71,186,gala
65,128,gala
72,177,gala
66,142,gala
78,217,gala
74,189,gala
70,168,gala
61,115,gala
71,171,gala
74,201,gala
81,249,gala
71,168,gala
72,183,gala
75,203,gala
72,186,gala
77,196,fuji
78,215,fuji
68,128,fuji
67,124,fuji
79,200,fuji
79,199,fuji
74,177,fuji
77,180,fuji
81,215,fuji
73,153,fuji
86,240,fuji
89,286,fuji
81,224,fuji
86,265,fuji
82,224,fuji
82,242,fuji
81,214,fuji
81,217,fuji
84,268,fuji
85,264,fuji
87,286,fuji
85,262,fuji
85,240,fuji
82,251,fuji
74,180,fuji
83,237,fuji
87,277,fuji
77,203,fuji
81,233,fuji
77,190,fuji
90,318,fuji
85,232,fuji
89,311,fuji
82,243,fuji
74,188,fuji
83,255,fuji
80,232,fuji
86,272,fuji
93,307,fuji
75,180,fuji
81,220,fuji
82,230,fuji
68,127,fuji
88,285,fuji
78,200,fuji
84,261,fuji
84,236,fuji
89,290,fuji
85,264,fuji
89,295,fuji
97,318,fuji
87,289,fuji
91,286,fuji
86,257,fuji
76,180,fuji
95,332,fuji
84,237,fuji
83,238,fuji
82,225,fuji
93,320,fuji
87,280,fuji
77,199,fuji
86,289,fuji
82,233,fuji
77,189,fuji
88,289,fuji
79,210,fuji
85,255,fuji
91,303,fuji
82,239,fuji
85,259,fuji
90,281,fuji
92,297,fuji
88,259,fuji
84,252,fuji
88,264,fuji
83,227,fuji
91,275,fuji
89,270,fuji
88,292,fuji
86,279,fuji
96,347,fuji
87,292,fuji
92,333,fuji
72,191,fuji
88,289,fuji
84,264,fuji
83,233,fuji
89,301,fuji
84,273,fuji
82,253,fuji
74,172,fuji
89,320,fuji
81,236,fuji
91,321,fuji
87,288,fuji
72,181,fuji
75,203,fuji
85,257,fuji
84,242,fuji
86,273,fuji
70,152,fuji
78,216,fuji
75,179,fuji
86,299,fuji
75,202,fuji
83,247,fuji
82,253,fuji
85,284,fuji
88,306,fuji
82,255,fuji
85,264,fuji
89,318,fuji
76,200,fuji
77,216,fuji
76,198,fuji
77,206,fuji
80,224,fuji
79,236,fuji
85,253,fuji
79,233,fuji
86,270,fuji
74,192,fuji
77,197,fuji
80,247,fuji
85,282,fuji
82,265,fuji
73,177,fuji
84,258,fuji
85,289,fuji
75,178,fuji
94,374,fuji
80,214,fuji
96,385,fuji
78,226,fuji
77,216,fuji
94,397,fuji
87,269,fuji
86,313,fuji
79,209,fuji
84,269,fuji
85,305,fuji
82,261,fuji
82,242,fuji
73,172,fuji
94,373,fuji
88,264,fuji
85,274,fuji
92,328,fuji
86,262,fuji
79,212,fuji
78,208,fuji
77,183,fuji
84,257,fuji
80,232,fuji
85,282,fuji
88,266,fuji
79,226,fuji
83,257,fuji
82,227,fuji
89,302,fuji
88,303,fuji
75,212,fuji
84,260,fuji
81,241,fuji
71,159,fuji
75,198,fuji
74,165,fuji
76,198,fuji
84,260,fuji
84,255,fuji
86,299,fuji
72,184,fuji
83,248,fuji
81,247,fuji
84,274,fuji
91,346,fuji
79,222,fuji
88,302,fuji
80,238,fuji
75,188,fuji
82,226,fuji
67,145,fuji
96,341,fuji
71,161,fuji
71,160,fuji
78,190,fuji
75,176,fuji
74,192,fuji
76,185,fuji
80,220,fuji
80,209,fuji
85,277,fuji
82,215,fuji
79,189,fuji
79,220,fuji
78,191,fuji
75,200,fuji
70,137,fuji
74,184,fuji
77,116,fuji
92,300,fuji
82,220,fuji
69,137,fuji
76,186,fuji
72,153,fuji
82,231,fuji
79,203,fuji
80,234,fuji
82,239,fuji
72,162,fuji
79,212,fuji
74,181,fuji
75,185,fuji
86,259,fuji
81,230,fuji
73,164,fuji
84,250,fuji
93,318,fuji
81,215,fuji
83,242,fuji
83,223,fuji
81,219,fuji
89,287,fuji
91,300,fuji
74,167,fuji
79,225,fuji
76,177,fuji
75,198,fuji
81,215,fuji
76,176,fuji
82,234,fuji
77,200,fuji
74,165,fuji
75,187,fuji
75,167,fuji
81,202,fuji
77,203,fuji
80,217,fuji
81,250,fuji
71,160,fuji
80,214,fuji
82,221,fuji
62,105,fuji
81,220,fuji
78,192,fuji
83,236,fuji
75,184,fuji
78,204,fuji
74,168,fuji
93,316,fuji
85,243,fuji
89,295,fuji
83,227,fuji
87,274,fuji
77,186,fuji
81,214,fuji
83,243,fuji
75,175,fuji
76,198,fuji
82,220,fuji
77,220,fuji
75,183,fuji
73,168,fuji
91,295,fuji
80,207,fuji
80,211,fuji
81,216,fuji
82,257,fuji
89,303,fuji
82,246,fuji
82,230,fuji
82,243,fuji
79,204,fuji
74,175,fuji
90,324,fuji
72,178,fuji
81,220,fuji
76,201,fuji
88,288,fuji
88,296,fuji
84,269,fuji
88,314,fuji
83,266,fuji
76,200,fuji
92,360,fuji
79,225,fuji
72,168,fuji
84,269,fuji
77,221,fuji
81,215,fuji
91,335,fuji
80,237,fuji
78,215,fuji
72,178,fuji
80,238,fuji
102,476,fuji
91,353,fuji
86,293,fuji
90,309,fuji
88,319,fuji
83,232,fuji
88,277,fuji
79,213,fuji
77,226,fuji
80,232,fuji
91,340,fuji
85,278,fuji
95,376,fuji
71,164,fuji
71,150,fuji
83,239,fuji
92,362,fuji
90,352,fuji
94,398,fuji
90,333,fuji
91,336,fuji
76,190,fuji
84,256,fuji
76,193,fuji
80,229,fuji
86,280,fuji
75,190,fuji
85,292,fuji
76,198,fuji
85,297,fuji
89,340,fuji
85,295,fuji
90,371,fuji
84,295,fuji
83,267,fuji
99,433,fuji
89,302,fuji
86,288,fuji
79,214,fuji
92,372,fuji
89,305,fuji
96,414,fuji
79,222,fuji
91,361,fuji
77,208,fuji
74,180,fuji
82,254,fuji
77,235,fuji
82,260,fuji
90,330,fuji
90,334,fuji
94,408,fuji
84,236,fuji
86,300,fuji
93,404,fuji
94,335,fuji
95,402,fuji
84,275,fuji
84,251,fuji
93,352,fuji
91,340,fuji
89,322,fuji
90,337,fuji
92,293,fuji
91,315,fuji
91,352,fuji
70,163,fuji
92,235,fuji
96,374,fuji
90,303,fuji
90,282,fuji
95,308,fuji
90,328,fuji
89,310,fuji
85,301,fuji
82,220,fuji
72,169,fuji
70,150,fuji
86,242,fuji
81,248,fuji
82,264,fuji
81,213,fuji
81,230,fuji
80,228,fuji
84,269,fuji
91,347,fuji
72,181,fuji
65,125,fuji
69,147,fuji
83,244,fuji
71,211,fuji
82,235,fuji
89,285,fuji
86,265,fuji
83,237,fuji
92,325,fuji
81,248,fuji
90,326,fuji
79,197,fuji
82,210,fuji
86,244,fuji
72,154,fuji
83,282,fuji
99,330,fuji
87,314,fuji
86,290,fuji
80,233,fuji
86,298,fuji
80,235,fuji
82,216,fuji
80,233,fuji
73,171,fuji
80,236,fuji
72,168,fuji
79,214,fuji
77,189,fuji
86,276,fuji
64,248,fuji
83,260,fuji
78,204,fuji
74,181,fuji
86,288,fuji
85,285,fuji
83,266,fuji
88,317,fuji
84,280,fuji
83,240,fuji
84,280,fuji
70,151,fuji
73,180,fuji
82,264,fuji
84,242,fuji
88,299,fuji
87,299,fuji
82,241,fuji
86,292,fuji
72,163,fuji
74,183,fuji
83,264,fuji
82,243,fuji
70,141,fuji
82,253,fuji
83,257,fuji
77,214,fuji
84,260,fuji
77,189,fuji
77,202,fuji
72,165,fuji
81,240,fuji
85,258,fuji
82,264,fuji
80,236,fuji
77,204,fuji
76,190,fuji
80,233,fuji
83,262,fuji
76,181,fuji
86,294,fuji
85,272,fuji
81,250,fuji
81,236,fuji
77,210,fuji
74,169,fuji
80,230,fuji
69,146,fuji
77,212,fuji
83,250,fuji
82,244,fuji
81,260,fuji
86,305,fuji
73,155,fuji
77,214,fuji
86,275,fuji
77,193,fuji
87,314,fuji
75,199,fuji
75,187,fuji
82,243,fuji
75,187,fuji
84,245,fuji
73,167,fuji
80,235,fuji
82,251,fuji
74,182,fuji
83,240,fuji
70,145,fuji
75,188,fuji
71,147,fuji
88,298,fuji
86,293,fuji
82,224,fuji
83,246,fuji
79,205,fuji
76,208,fuji
76,186,fuji
92,345,fuji
67,126.94,elstar
70,142.97,elstar
70,128.8,elstar
72,140.36,elstar
52,59.63,elstar
53,59.2,elstar
53,89.52,elstar
57,77.91,elstar
57,77.26,elstar
58,74.88,elstar
60,86.56,elstar
60,87.66,elstar
60,94.33,elstar
61,91.79,elstar
61,90.4,elstar
61,93.08,elstar
61,94.88,elstar
61,93.6,elstar
61,90.24,elstar
62,90.56,elstar
62,94.61,elstar
62,95.73,elstar
62,101.65,elstar
62,95.33,elstar
62,94.42,elstar
62,97.7,elstar
62,94.58,elstar
62,98.03,elstar
62,97.77,elstar
63,95,elstar
63,101.21,elstar
63,98.71,elstar
63,95.11,elstar
63,96.63,elstar
63,101.36,elstar
64,99.52,elstar
64,105.83,elstar
64,104.08,elstar
64,98.67,elstar
64,105.92,elstar
64,102.86,elstar
64,104.82,elstar
64,106.87,elstar
64,104.59,elstar
64,110.77,elstar
65,106.31,elstar
65,104.16,elstar
65,106.99,elstar
65,104.33,elstar
65,105.78,elstar
65,111.74,elstar
65,105.52,elstar
65,107.29,elstar
65,102.55,elstar
65,108.62,elstar
65,111.34,elstar
65,109.16,elstar
65,105.93,elstar
65,107.92,elstar
65,109.86,elstar
65,113.81,elstar
65,106.41,elstar
66,110.3,elstar
66,106.73,elstar
66,115.11,elstar
66,113.51,elstar
66,116.02,elstar
66,112.44,elstar
66,111.65,elstar
66,114.84,elstar
66,112.6,elstar
66,117.87,elstar
66,113.61,elstar
66,118.29,elstar
67,111.03,elstar
67,114.76,elstar
67,113.18,elstar
67,113.28,elstar
67,117.34,elstar
67,123.57,elstar
67,114.05,elstar
67,120.22,elstar
67,118.65,elstar
67,120.77,elstar
67,115.68,elstar
67,115.53,elstar
67,119.51,elstar
67,117.8,elstar
67,118.91,elstar
67,118.96,elstar
67,115.12,elstar
67,119.57,elstar
67,116.79,elstar
67,117.39,elstar
67,118.77,elstar
67,121.52,elstar
67,123.62,elstar
67,115.81,elstar
67,118.38,elstar
67,119.68,elstar
68,121.34,elstar
68,120.65,elstar
68,124.98,elstar
68,126.47,elstar
68,125.46,elstar
68,120.96,elstar
68,122.31,elstar
68,124.24,elstar
68,127.75,elstar
68,128.79,elstar
68,120.94,elstar
68,130.33,elstar
68,123.28,elstar
69,132.09,elstar
69,131.89,elstar
69,121.88,elstar
69,127.62,elstar
69,123.25,elstar
69,134.88,elstar
69,135.2,elstar
69,131.85,elstar
70,138.77,elstar
70,135.98,elstar
70,128.36,elstar
70,135.86,elstar
70,132.46,elstar
70,132.58,elstar
71,133.66,elstar
71,142.34,elstar
71,143.11,elstar
71,139.41,elstar
72,135.37,elstar
72,144.72,elstar
72,138.9,elstar
72,140.69,elstar
72,146.14,elstar
72,143.34,elstar
73,146.06,elstar
73,148.02,elstar
74,154.7,elstar
74,156.07,elstar
74,152.16,elstar
75,157.23,elstar
78,187.55,elstar
49,49.2,elstar
49,45.89,elstar
51,51.32,elstar
52,52.82,elstar
53,58.51,elstar
53,60.46,elstar
53,59.95,elstar
53,61.91,elstar
54,62.25,elstar
54,62.97,elstar
54,67.71,elstar
54,64.06,elstar
55,67.76,elstar
56,69.72,elstar
56,68.78,elstar
56,66.02,elstar
56,66.62,elstar
57,72.79,elstar
57,72.88,elstar
57,72.03,elstar
57,73.47,elstar
57,71.58,elstar
57,73.93,elstar
57,74.29,elstar
58,74.67,elstar
58,73.2,elstar
59,76.18,elstar
59,78.64,elstar
59,77.22,elstar
59,83.28,elstar
59,81.92,elstar
60,80.53,elstar
60,81.8,elstar
60,82.96,elstar
60,83.15,elstar
60,72.98,elstar
60,81.49,elstar
60,91.2,elstar
60,83.36,elstar
60,87.66,elstar
60,83.11,elstar
60,89.27,elstar
60,91.11,elstar
60,87,elstar
60,84.63,elstar
61,83.14,elstar
61,88.47,elstar
61,84.57,elstar
61,93.53,elstar
61,88.67,elstar
61,108.32,elstar
61,93.6,elstar
62,90.99,elstar
62,93.87,elstar
62,91.03,elstar
62,94.47,elstar
62,95.06,elstar
62,89.1,elstar
62,91.58,elstar
62,92.4,elstar
62,92.12,elstar
62,97.42,elstar
62,90.02,elstar
62,92.62,elstar
62,93.52,elstar
63,93.05,elstar
63,94.2,elstar
63,88.9,elstar
63,94.93,elstar
63,99.31,elstar
63,97.33,elstar
63,95.97,elstar
63,93.69,elstar
63,98.73,elstar
63,95.66,elstar
63,93.4,elstar
64,95.96,elstar
64,91.86,elstar
64,94.49,elstar
64,99.08,elstar
64,102.25,elstar
64,100.29,elstar
64,81.58,elstar
64,97.39,elstar
64,94.38,elstar
64,98.8,elstar
64,101.41,elstar
64,99.05,elstar
64,100.18,elstar
64,102.85,elstar
65,105.93,elstar
65,104.29,elstar
65,97.86,elstar
65,104.55,elstar
65,102.55,elstar
65,124.8,elstar
65,102.82,elstar
65,108.12,elstar
65,102.2,elstar
65,108.26,elstar
66,107.33,elstar
66,95.48,elstar
66,107.46,elstar
66,105.3,elstar
66,104.47,elstar
66,122.74,elstar
67,109.83,elstar
67,109.63,elstar
67,113.99,elstar
67,88.76,elstar
67,127.06,elstar
67,104.18,elstar
67,114.06,elstar
67,114.69,elstar
67,124.08,elstar
67,114.78,elstar
67,115.57,elstar
68,115.12,elstar
68,119.28,elstar
68,125.61,elstar
68,116.65,elstar
68,117.76,elstar
68,120.61,elstar
68,120.65,elstar
68,126.92,elstar
68,124.42,elstar
68,106.2,elstar
69,126.56,elstar
69,124.3,elstar
69,126.5,elstar
69,124.49,elstar
69,126.85,elstar
69,128.07,elstar
69,124.12,elstar
69,120.97,elstar
69,128.65,elstar
70,129.53,elstar
70,133.55,elstar
70,110.99,elstar
70,125.47,elstar
71,131.84,elstar
71,128.81,elstar
72,139.44,elstar
74,150.54,elstar
75,154.72,elstar
77,164.11,elstar
50,48.92,elstar
53,58.9,elstar
54,64.9,elstar
55,65.76,elstar
55,61.91,elstar
57,75.62,elstar
57,72.52,elstar
57,74.64,elstar
58,79.45,elstar
59,79.87,elstar
59,79.18,elstar
60,89.01,elstar
61,92.67,elstar
61,92.86,elstar
62,90.51,elstar
62,100.91,elstar
63,98.53,elstar
63,98.46,elstar
63,98.02,elstar
64,97.63,elstar
64,101.2,elstar
64,105.42,elstar
64,97.27,elstar
64,103.24,elstar
65,104.82,elstar
65,108.49,elstar
65,107.51,elstar
65,113.86,elstar
65,107.72,elstar
66,106.88,elstar
66,108.96,elstar
66,110.57,elstar
66,109.76,elstar
66,113.28,elstar
66,115.98,elstar
66,110.89,elstar
66,111.3,elstar
67,113.5,elstar
67,114.92,elstar
67,114.6,elstar
67,117.46,elstar
67,118.38,elstar
67,111.68,elstar
67,113.58,elstar
67,116.57,elstar
68,125.96,elstar
68,121.16,elstar
68,124.84,elstar
68,117.3,elstar
68,127.2,elstar
68,120.95,elstar
68,125.88,elstar
68,122.8,elstar
69,122.31,elstar
69,121.75,elstar
69,124.95,elstar
69,113.66,elstar
69,127.08,elstar
69,128.21,elstar
69,127.75,elstar
70,128.73,elstar
70,131.06,elstar
70,135.18,elstar
70,125.79,elstar
71,133.43,elstar
71,137.83,elstar
71,141,elstar
71,140.82,elstar
71,139.03,elstar
71,136.72,elstar
72,140.87,elstar
72,144.4,elstar
72,147.04,elstar
72,145.44,elstar
72,140.46,elstar
72,128.01,elstar
72,144.51,elstar
72,146.03,elstar
72,138.56,elstar
73,144.95,elstar
73,147.26,elstar
73,145.46,elstar
73,148.65,elstar
73,155.82,elstar
73,145.37,elstar
73,149.69,elstar
74,149.67,elstar
74,153.52,elstar
74,178.42,elstar
74,146.61,elstar
74,156.97,elstar
74,156.59,elstar
74,154.58,elstar
75,159,elstar
75,142.94,elstar
77,174.18,elstar
43,35.07,elstar
44,35.37,elstar
44,35.65,elstar
47,51.93,elstar
49,45.31,elstar
50,49.74,elstar
50,52.16,elstar
50,52.47,elstar
51,54.95,elstar
51,52.99,elstar
51,55.6,elstar
52,54.19,elstar
52,56.25,elstar
53,57.81,elstar
53,58.06,elstar
53,60.71,elstar
53,58.06,elstar
53,64.05,elstar
54,60.49,elstar
54,63.12,elstar
54,63.53,elstar
56,64.58,elstar
56,67.54,elstar
56,71.37,elstar
57,73.38,elstar
57,65.87,elstar
57,75.94,elstar
57,73.99,elstar
58,76.78,elstar
58,77.31,elstar
58,76.78,elstar
58,74.95,elstar
58,75.79,elstar
59,77.49,elstar
59,79.83,elstar
59,81.48,elstar
59,79.25,elstar
59,76.91,elstar
59,82.43,elstar
59,80.01,elstar
59,80.47,elstar
59,80.78,elstar
59,79.71,elstar
59,84.51,elstar
59,81.76,elstar
59,83.16,elstar
59,83.43,elstar
60,84.26,elstar
60,86.12,elstar
60,83.17,elstar
60,87.23,elstar
60,87.78,elstar
60,82.99,elstar
60,82.91,elstar
61,90.84,elstar
61,89.28,elstar
61,90.56,elstar
62,91.66,elstar
62,90.81,elstar
62,93.28,elstar
62,93.2,elstar
62,92.96,elstar
62,93.86,elstar
62,95.78,elstar
62,91.31,elstar
63,99.61,elstar
63,95.06,elstar
63,96.45,elstar
63,92.51,elstar
63,100.12,elstar
64,104.7,elstar
64,102.25,elstar
64,100.08,elstar
64,103.78,elstar
64,104.94,elstar
64,103.84,elstar
64,108.35,elstar
65,101.95,elstar
65,106,elstar
66,108.09,elstar
66,112.2,elstar
66,111.54,elstar
66,112.46,elstar
66,110.9,elstar
67,109.85,elstar
67,102.56,elstar
67,113.56,elstar
67,116.88,elstar
67,113.86,elstar
67,120.11,elstar
67,112.54,elstar
67,115.8,elstar
59,82.39,elstar
60,84.62,elstar
60,82.34,elstar
60,91.46,elstar
61,86.28,elstar
61,91.86,elstar
61,92.28,elstar
61,93.44,elstar
62,90.98,elstar
62,94.5,elstar
63,97.26,elstar
63,99.3,elstar
64,99.44,elstar
64,98.12,elstar
64,96.84,elstar
64,96.7,elstar
64,96.9,elstar
64,99.26,elstar
64,101.14,elstar
64,101.17,elstar
65,102.88,elstar
65,105.55,elstar
65,101.16,elstar
65,103.28,elstar
65,104.23,elstar
65,108.17,elstar
65,106.65,elstar
65,110.85,elstar
66,107.5,elstar
66,109.96,elstar
66,106.83,elstar
66,108.39,elstar
66,109.85,elstar
66,106.64,elstar
66,114.89,elstar
66,112.98,elstar
66,113.76,elstar
67,118.49,elstar
67,105.79,elstar
67,120.31,elstar
67,109.83,elstar
67,112.14,elstar
67,115.89,elstar
67,126.83,elstar
67,112.83,elstar
67,119.36,elstar
67,118.84,elstar
67,115.29,elstar
68,121.24,elstar
68,113.74,elstar
68,130.13,elstar
68,119.37,elstar
68,124.53,elstar
68,121.26,elstar
68,125.15,elstar
68,123.25,elstar
68,123.45,elstar
69,123.11,elstar
69,127.45,elstar
69,122.93,elstar
69,129.02,elstar
69,125.48,elstar
69,130.44,elstar
69,128.41,elstar
69,126.8,elstar
69,125.97,elstar
70,128.94,elstar
70,131.52,elstar
70,130.13,elstar
70,130.97,elstar
70,133.99,elstar
70,129.42,elstar
70,132.2,elstar
71,132.36,elstar
71,135.14,elstar
71,138.45,elstar
71,138.44,elstar
72,136.15,elstar
72,141.78,elstar
73,142.33,elstar
73,144.66,elstar
73,142.86,elstar
73,147.71,elstar
73,145.69,elstar
73,147.62,elstar
74,156.44,elstar
76,166.36,elstar
79,174.68,elstar
46,42.95,elstar
48,44.03,elstar
48,44.99,elstar
48,44.33,elstar
50,50.21,elstar
51,53.11,elstar
52,65.87,elstar
52,58.97,elstar
53,57.11,elstar
53,57.48,elstar
53,58.73,elstar
53,59.76,elstar
53,61.78,elstar
53,60.76,elstar
55,68.22,elstar
55,67.63,elstar
56,66.55,elstar
56,68.99,elstar
56,68.53,elstar
56,70.19,elstar
56,69.59,elstar
56,71.02,elstar
56,67.3,elstar
57,69.48,elstar
57,74.36,elstar
57,76.19,elstar
57,72.56,elstar
57,74.51,elstar
57,72.07,elstar
58,77.31,elstar
58,75.19,elstar
58,76.16,elstar
58,75.25,elstar
58,76.72,elstar
58,73.75,elstar
58,70.43,elstar
58,81.64,elstar
58,79.69,elstar
59,77.08,elstar
59,81.62,elstar
59,77.19,elstar
59,79.91,elstar
59,83.65,elstar
59,81.18,elstar
59,84.89,elstar
59,81.17,elstar
59,79.63,elstar
59,82.72,elstar
60,79.46,elstar
60,82.04,elstar
60,78.1,elstar
60,82.09,elstar
60,82.04,elstar
60,84.36,elstar
60,85.21,elstar
60,86.89,elstar
60,85.92,elstar
60,87.25,elstar
60,83.75,elstar
60,88.21,elstar
60,92.8,elstar
60,90.37,elstar
60,87.28,elstar
60,87.37,elstar
60,85.52,elstar
60,83.18,elstar
60,84.23,elstar
61,87.67,elstar
61,89.91,elstar
61,88.73,elstar
61,88.03,elstar
61,92.44,elstar
61,88.59,elstar
61,88.67,elstar
61,90.17,elstar
61,90.04,elstar
61,88.26,elstar
62,92.46,elstar
62,88.88,elstar
62,91.04,elstar
62,92.27,elstar
62,93.99,elstar
62,91.47,elstar
62,91.11,elstar
62,94.85,elstar
62,92.43,elstar
62,96.13,elstar
62,92.63,elstar
62,93.39,elstar
62,96.4,elstar
63,95.46,elstar
63,96.46,elstar
63,100.29,elstar
63,94.03,elstar
63,94.93,elstar
63,100.14,elstar
63,94.13,elstar
63,94.17,elstar
63,98.56,elstar
63,95.65,elstar
63,93.93,elstar
63,99.17,elstar
63,101.14,elstar
63,97.91,elstar
64,104.48,elstar
64,100.86,elstar
64,98.67,elstar
64,100.21,elstar
64,102.96,elstar
64,100.67,elstar
64,98.64,elstar
64,101.85,elstar
64,99.78,elstar
64,100.29,elstar
64,99.47,elstar
64,93.75,elstar
64,102.26,elstar
64,106.63,elstar
64,102.31,elstar
65,103.24,elstar
65,102.92,elstar
65,104.11,elstar
65,110.06,elstar
65,108.45,elstar
66,110.77,elstar
66,107.67,elstar
66,107.22,elstar
66,111.08,elstar
66,110.11,elstar
66,110.56,elstar
66,116.27,elstar
66,113.6,elstar
67,114.16,elstar
67,109.8,elstar
67,110.38,elstar
67,110.27,elstar
67,111.24,elstar
68,119.49,elstar
69,118.42,elstar
69,128.29,elstar
70,130.37,elstar
72,136.63,elstar
57,73.09,elstar
58,79.62,elstar
58,69.53,elstar
59,83.74,elstar
60,88.25,elstar
60,89.83,elstar
60,90.37,elstar
62,86.1,elstar
62,96.99,elstar
62,95.87,elstar
62,97.14,elstar
62,90.13,elstar
62,97.78,elstar
63,103.14,elstar
63,101.31,elstar
64,96.9,elstar
64,89.42,elstar
64,102.74,elstar
64,103.5,elstar
64,104.31,elstar
64,99.81,elstar
65,102.1,elstar
65,110.32,elstar
65,108.1,elstar
65,110.28,elstar
65,112.78,elstar
65,111.5,elstar
65,108.46,elstar
65,111.08,elstar
65,109.42,elstar
66,113.93,elstar
66,112.61,elstar
67,113.07,elstar
67,118.35,elstar
67,122.32,elstar
67,119.49,elstar
67,113.12,elstar
67,109.97,elstar
67,113.93,elstar
67,114.77,elstar
67,116.17,elstar
67,118.15,elstar
68,121.76,elstar
68,116.2,elstar
68,119.04,elstar
68,124.23,elstar
68,125.01,elstar
68,123.9,elstar
68,109.29,elstar
68,114.66,elstar
68,124.87,elstar
68,117.52,elstar
68,124.64,elstar
68,130.56,elstar
68,124.66,elstar
68,127.73,elstar
68,133.51,elstar
68,125.92,elstar
69,126.55,elstar
70,130.25,elstar
70,120.22,elstar
70,136.31,elstar
70,134.58,elstar
70,132.29,elstar
70,132.39,elstar
70,121.84,elstar
71,133.77,elstar
71,137,elstar
71,138.48,elstar
71,126.64,elstar
71,134.33,elstar
72,138.24,elstar
72,138.66,elstar
72,140.15,elstar
73,140.08,elstar
73,142.27,elstar
73,152.67,elstar
73,151.92,elstar
73,147.18,elstar
74,151.98,elstar
74,152.12,elstar
75,137.9,elstar
75,121.5,elstar
75,160.16,elstar
75,160.1,elstar
75,164.49,elstar
77,164.03,elstar
78,171.36,elstar
78,179.99,elstar
30,12.28,elstar
55,64.12,elstar
56,66.78,elstar
57,71.46,elstar
59,80.44,elstar
59,82.03,elstar
59,80.99,elstar
60,87.45,elstar
60,87.11,elstar
60,89.1,elstar
60,89.69,elstar
60,87.25,elstar
60,84.68,elstar
61,90.27,elstar
61,90.69,elstar
61,89.7,elstar
61,98.12,elstar
62,96.17,elstar
62,93.01,elstar
62,94.03,elstar
62,91.92,elstar
62,95.73,elstar
63,93.25,elstar
63,99.56,elstar
63,94.58,elstar
63,94.95,elstar
63,96,elstar
64,101.8,elstar
64,96.7,elstar
64,96.47,elstar
64,98.83,elstar
64,100.28,elstar
64,101.13,elstar
64,103.22,elstar
64,103.37,elstar
64,109.7,elstar
64,101.99,elstar
64,106.58,elstar
65,101.08,elstar
65,102.11,elstar
65,103.43,elstar
65,105.68,elstar
65,108.36,elstar
65,107.29,elstar
65,107.14,elstar
65,108.23,elstar
65,107.67,elstar
65,105.65,elstar
65,107.67,elstar
65,109.21,elstar
66,107.47,elstar
66,106.53,elstar
66,110.56,elstar
66,114.31,elstar
66,106.35,elstar
66,111.16,elstar
66,111.21,elstar
66,116.46,elstar
66,109.69,elstar
67,111.16,elstar
67,111.94,elstar
67,112.85,elstar
67,117.44,elstar
67,115.66,elstar
67,115.93,elstar
67,111.62,elstar
67,113.8,elstar
67,114.52,elstar
67,114.78,elstar
67,114.81,elstar
67,113.59,elstar
67,112.92,elstar
67,116.43,elstar
67,122.37,elstar
67,120.69,elstar
67,120.21,elstar
67,118.36,elstar
68,119.7,elstar
68,117.76,elstar
68,124.49,elstar
68,121,elstar
68,126.93,elstar
68,124.08,elstar
68,127.68,elstar
69,126.41,elstar
69,128.74,elstar
69,125.75,elstar
69,122.95,elstar
69,124.44,elstar
69,128.62,elstar
69,125.51,elstar
69,128.33,elstar
69,121.13,elstar
69,131.15,elstar
69,129.47,elstar
70,132.24,elstar
70,127.32,elstar
70,138.4,elstar
70,128.01,elstar
70,135.91,elstar
70,135.62,elstar
70,132.47,elstar
70,129.66,elstar
70,131.92,elstar
71,135.58,elstar
71,133.58,elstar
71,136.45,elstar
71,132.1,elstar
72,140.29,elstar
72,141.68,elstar
72,144.04,elstar
72,138.54,elstar
72,145.08,elstar
73,141.82,elstar
73,144.09,elstar
73,151.15,elstar
56,71.67,elstar
56,74.45,elstar
58,80.65,elstar
59,87.26,elstar
60,89.38,elstar
60,89.74,elstar
61,93.66,elstar
62,96.61,elstar
62,95.94,elstar
62,98.18,elstar
63,98.14,elstar
63,105.93,elstar
64,107.1,elstar
64,103.14,elstar
64,105.37,elstar
65,110.77,elstar
65,111.09,elstar
65,109.17,elstar
65,107.17,elstar
65,113.93,elstar
66,116.21,elstar
66,116.09,elstar
66,117.75,elstar
66,116.91,elstar
67,121.6,elstar
67,120.83,elstar
67,122.92,elstar
67,134.84,elstar
67,123.13,elstar
67,116.05,elstar
67,122.93,elstar
67,121.45,elstar
67,119.68,elstar
67,124.24,elstar
67,124.75,elstar
68,122.35,elstar
68,128.37,elstar
68,129.59,elstar
68,126.24,elstar
68,128.44,elstar
68,129.28,elstar
68,128.74,elstar
70,135.67,elstar
70,136.3,elstar
71,136.18,elstar
71,138.34,elstar
71,143.83,elstar
72,147.95,elstar
72,139.21,elstar
73,148.27,elstar
73,153.73,elstar
75,159.59,elstar
55,68.89,elstar
56,71.49,elstar
58,75.94,elstar
59,79.04,elstar
60,88.82,elstar
62,97.08,elstar
62,93.28,elstar
62,95.75,elstar
62,98.57,elstar
62,93.22,elstar
63,99.82,elstar
63,100.56,elstar
63,103.07,elstar
63,97.61,elstar
64,97.84,elstar
64,100.69,elstar
64,106.71,elstar
64,105.2,elstar
64,108.05,elstar
65,107.91,elstar
65,113.24,elstar
66,112.7,elstar
66,113.12,elstar
66,113.59,elstar
67,118.23,elstar
67,112.2,elstar
67,118.28,elstar
67,117.72,elstar
68,125.27,elstar
68,121.32,elstar
68,133.27,elstar
68,126.02,elstar
69,126.38,elstar
69,120.75,elstar
69,126.56,elstar
69,130.18,elstar
69,128.03,elstar
69,129.36,elstar
69,129.12,elstar
70,128.66,elstar
70,127.8,elstar
70,137.34,elstar
70,131.1,elstar
70,128.71,elstar
70,129.3,elstar
71,135.37,elstar
72,141.48,elstar
72,141.3,elstar
72,143.77,elstar
72,148.5,elstar
72,144.6,elstar
73,141.57,elstar
73,152.89,elstar
73,152.53,elstar
73,150.23,elstar
73,151.33,elstar
74,158.3,elstar
74,145.72,elstar
74,161.28,elstar
74,148.84,elstar
75,150.79,elstar
75,158.94,elstar
75,158.95,elstar
76,164.27,elstar
76,166.87,elstar
76,165.68,elstar
78,170.17,elstar
80,183.26,elstar
54,65.53,elstar
56,68.17,elstar
57,74.11,elstar
60,82.72,elstar
60,89.93,elstar
60,81.9,elstar
61,91.47,elstar
61,92.14,elstar
61,90.81,elstar
61,92.34,elstar
61,90.95,elstar
62,91.11,elstar
62,96.92,elstar
62,94.35,elstar
63,92.23,elstar
64,102.63,elstar
64,98.33,elstar
64,100.32,elstar
64,100.41,elstar
64,109.73,elstar
64,107.94,elstar
64,103.3,elstar
64,103.37,elstar
64,105.12,elstar
65,107.95,elstar
65,106.66,elstar
65,106.5,elstar
65,108.4,elstar
65,108.63,elstar
65,107.6,elstar
65,106.09,elstar
65,112.3,elstar
66,109.84,elstar
66,113.56,elstar
66,110.99,elstar
66,111.26,elstar
66,110.47,elstar
67,116.62,elstar
67,117.05,elstar
67,116.72,elstar
67,115.82,elstar
67,115.87,elstar
67,112.69,elstar
67,110.94,elstar
67,115.93,elstar
67,118.16,elstar
67,121.56,elstar
67,116.61,elstar
67,119.05,elstar
67,120.03,elstar
67,121.21,elstar
67,118.54,elstar
67,118.58,elstar
68,120.85,elstar
68,121.97,elstar
68,123.49,elstar
68,129.72,elstar
68,127.95,elstar
68,124.18,elstar
68,125.66,elstar
70,133.76,elstar
70,130.85,elstar
70,131.26,elstar
70,125.07,elstar
70,141.99,elstar
70,131.81,elstar
70,137.55,elstar
70,132.28,elstar
70,131.78,elstar
70,130.06,elstar
70,136.12,elstar
71,129.15,elstar
72,140.99,elstar
73,144.82,elstar
73,152.08,elstar
73,150.37,elstar
73,150.73,elstar
74,161.05,elstar
75,160.4,elstar
78,186.6,elstar
52,56.26,elstar
52,56.48,elstar
53,57.45,elstar
53,62.43,elstar
54,64.15,elstar
55,67.2,elstar
56,70.93,elstar
57,73.86,elstar
57,78.27,elstar
57,73.84,elstar
57,73.18,elstar
59,79.5,elstar
59,82.24,elstar
59,83.18,elstar
59,80.78,elstar
59,76.54,elstar
60,89.58,elstar
60,87.17,elstar
60,87.79,elstar
60,89.69,elstar
60,90.39,elstar
60,80.84,elstar
61,89.84,elstar
61,86.66,elstar
62,96.01,elstar
62,94.73,elstar
62,92.49,elstar
63,100.94,elstar
64,109.57,elstar
64,95.2,elstar
64,105.48,elstar
65,104.73,elstar
65,105.07,elstar
65,112.06,elstar
67,115.36,elstar
67,117.72,elstar
67,116.49,elstar
67,117.73,elstar
67,116.3,elstar
68,113.49,elstar
68,120.08,elstar
68,126.96,elstar
71,134.29,elstar
72,138.54,elstar
72,141.66,elstar
72,134.32,elstar
72,134.29,elstar
72,139.33,elstar
73,151.09,elstar
75,152.35,elstar
59,85.34,elstar
60,91.54,elstar
63,99.94,elstar
64,105.83,elstar
65,105.35,elstar
65,108.87,elstar
66,113.84,elstar
67,122.47,elstar
67,121.91,elstar
67,121.18,elstar
67,125.92,elstar
68,122.29,elstar
68,127.89,elstar
68,127.16,elstar
69,128.64,elstar
69,128.43,elstar
69,128.11,elstar
69,134.76,elstar
69,125.78,elstar
70,136.25,elstar
70,136.69,elstar
70,140.03,elstar
70,140.27,elstar
71,145.51,elstar
71,143.5,elstar
71,149.23,elstar
71,140.91,elstar
73,150.59,elstar
73,154.55,elstar
73,161.53,elstar
74,161.64,elstar
75,170.16,elstar
57,70.7,elstar
61,94.85,elstar
61,86.78,elstar
63,98.49,elstar
63,93.55,elstar
63,93.87,elstar
65,103.96,elstar
65,109.82,elstar
66,111.51,elstar
66,110.92,elstar
66,108.69,elstar
66,114.24,elstar
66,112.71,elstar
66,117.13,elstar
66,110.2,elstar
67,115.89,elstar
67,115.99,elstar
67,116.38,elstar
67,114.92,elstar
67,115.7,elstar
67,118,elstar
67,122.6,elstar
67,121.33,elstar
68,114,elstar
68,119.78,elstar
68,119.08,elstar
68,121.72,elstar
68,126.51,elstar
68,119.52,elstar
68,124.31,elstar
69,125,elstar
69,126.64,elstar
70,133.75,elstar
70,131.68,elstar
70,131.14,elstar
70,131.37,elstar
70,137.22,elstar
71,138.31,elstar
71,137.91,elstar
71,138,elstar
71,140.84,elstar
71,140.3,elstar
72,144.14,elstar
72,145.73,elstar
72,143.54,elstar
73,146.48,elstar
74,150.08,elstar
75,161.99,elstar
52,57.1,elstar
53,61.66,elstar
53,59.96,elstar
58,78.44,elstar
59,82.12,elstar
59,81.76,elstar
60,88.08,elstar
61,87.1,elstar
62,92.16,elstar
64,105.39,elstar
64,107,elstar
64,104.59,elstar
65,107.02,elstar
65,109.89,elstar
65,104.99,elstar
65,113.19,elstar
65,109.94,elstar
65,106.78,elstar
66,116.1,elstar
66,111.57,elstar
66,118.36,elstar
66,117.59,elstar
66,120.25,elstar
67,116.76,elstar
67,122.68,elstar
67,121.61,elstar
67,120.92,elstar
67,115.16,elstar
68,120.37,elstar
68,128.25,elstar
68,124.3,elstar
68,121.41,elstar
69,127.61,elstar
69,130.09,elstar
69,127.67,elstar
69,132.68,elstar
69,132.74,elstar
70,133.67,elstar
70,133.22,elstar
70,136.36,elstar
70,135.63,elstar
70,133.17,elstar
71,139.2,elstar
71,142.72,elstar
71,134.72,elstar
71,134.56,elstar
71,140.42,elstar
72,147.08,elstar
73,147.84,elstar
73,153.49,elstar
73,148.74,elstar
74,154.94,elstar
75,158.12,elstar
75,163.36,elstar
77,185.08,elstar
77,173.32,elstar
65,112.52,elstar
66,118.19,elstar
66,122.13,elstar
66,115.06,elstar
67,114.39,elstar
67,117.1,elstar
67,122.36,elstar
67,119.37,elstar
67,126.79,elstar
68,126.19,elstar
68,125.52,elstar
68,123.98,elstar
68,127.29,elstar
68,130.56,elstar
70,142.08,elstar
71,138.08,elstar
71,138.73,elstar
71,138.09,elstar
72,146.27,elstar
73,156.93,elstar
73,145.09,elstar
54,69.53,elstar
58,79.73,elstar
59,84.93,elstar
59,88.47,elstar
60,88.53,elstar
60,93.52,elstar
61,93.12,elstar
61,89.14,elstar
62,99.01,elstar
62,97.41,elstar
63,98.63,elstar
63,101.72,elstar
63,100.92,elstar
63,99.21,elstar
64,101.03,elstar
64,110.17,elstar
64,106.54,elstar
64,107.52,elstar
64,104.83,elstar
64,110.71,elstar
65,111.86,elstar
66,108.59,elstar
66,113.85,elstar
66,116.33,elstar
67,118.99,elstar
67,114.11,elstar
69,129.84,elstar
69,133.79,elstar
69,130.44,elstar
69,124.25,elstar
70,135.27,elstar
70,133.45,elstar
70,131.47,elstar
71,137.61,elstar
72,139.8,elstar
73,114.32,elstar
74,151.71,elstar
75,171.93,elstar
75,173.96,elstar
79,182.74,elstar
50,51.84,elstar
51,52.96,elstar
52,57.25,elstar
52,56.63,elstar
55,67.77,elstar
55,66.05,elstar
56,67.65,elstar
57,73.9,elstar
57,71.15,elstar
57,77.19,elstar
58,75.36,elstar
58,74.8,elstar
58,78.5,elstar
59,78.76,elstar
59,77.11,elstar
59,80.21,elstar
59,80.53,elstar
59,86.68,elstar
60,84.9,elstar
60,89.52,elstar
60,82.98,elstar
60,83.66,elstar
61,85.31,elstar
61,90.44,elstar
61,89.44,elstar
61,89.95,elstar
61,86.89,elstar
62,101.3,elstar
62,96.94,elstar
62,93.3,elstar
63,100.92,elstar
64,100.68,elstar
64,102.97,elstar
64,102.6,elstar
64,101.08,elstar
64,101.37,elstar
64,102.72,elstar
65,108.45,elstar
65,103.68,elstar
65,103.21,elstar
66,106.92,elstar
66,105.61,elstar
66,114.05,elstar
66,115.74,elstar
66,110.49,elstar
67,111.71,elstar
67,113.45,elstar
67,115.28,elstar
67,117.5,elstar
67,115.91,elstar
67,113.48,elstar
67,117.11,elstar
67,122.02,elstar
68,126.3,elstar
68,123.51,elstar
68,127.16,elstar
69,124.84,elstar
69,123.5,elstar
69,126.2,elstar
69,128.1,elstar
70,127.68,elstar
70,135.77,elstar
72,139.63,elstar
48,43.06,elstar
49,48.58,elstar
55,63.28,elstar
56,68.56,elstar
56,65.32,elstar
56,69.01,elstar
57,72.61,elstar
58,78.44,elstar
59,83.88,elstar
60,83.76,elstar
60,81.39,elstar
60,84.67,elstar
60,86.17,elstar
60,84.95,elstar
60,88.51,elstar
60,84.08,elstar
60,85.87,elstar
60,80.64,elstar
60,80.97,elstar
61,84.94,elstar
61,92.58,elstar
61,91.48,elstar
62,93.26,elstar
62,92.07,elstar
62,89.77,elstar
62,98.02,elstar
62,94.85,elstar
62,95.45,elstar
62,93.98,elstar
62,93.89,elstar
62,96.67,elstar
62,91.14,elstar
63,94.05,elstar
63,98.09,elstar
63,97.7,elstar
63,100.33,elstar
63,101.8,elstar
64,92.4,elstar
64,100.62,elstar
64,96.39,elstar
64,103.36,elstar
64,108.41,elstar
64,100.82,elstar
64,99.06,elstar
64,104.68,elstar
64,100.79,elstar
64,100.67,elstar
64,107.31,elstar
64,98.73,elstar
65,106.14,elstar
65,104.68,elstar
65,103.82,elstar
65,110.39,elstar
65,108.86,elstar
65,106.86,elstar
65,111.7,elstar
65,107.58,elstar
65,103.95,elstar
65,110.21,elstar
65,108.88,elstar
66,104.69,elstar
66,114.81,elstar
66,111.48,elstar
66,117.84,elstar
67,106.57,elstar
67,116.1,elstar
67,113.58,elstar
67,112.79,elstar
67,118.69,elstar
67,117.43,elstar
67,115.17,elstar
67,114.36,elstar
67,118.03,elstar
67,120.6,elstar
67,117.82,elstar
67,119.54,elstar
68,119.64,elstar
68,117.97,elstar
68,117.93,elstar
68,118.27,elstar
68,120.08,elstar
68,124.19,elstar
68,120.4,elstar
68,119.74,elstar
68,118.22,elstar
68,119.38,elstar
69,125.56,elstar
69,127.65,elstar
69,120.3,elstar
69,130.08,elstar
69,126.78,elstar
69,129.78,elstar
69,128.26,elstar
69,123.92,elstar
70,128.48,elstar
70,128.13,elstar
70,129.26,elstar
70,130.94,elstar
70,130.53,elstar
70,133.66,elstar
70,132.81,elstar
70,134.78,elstar
71,134.24,elstar
71,137.21,elstar
71,134.99,elstar
71,130.11,elstar
72,146.49,elstar
72,141.73,elstar
72,141.85,elstar
72,142.52,elstar
72,137.07,elstar
72,141.91,elstar
73,143.28,elstar
73,143.26,elstar
73,144.67,elstar
73,152.34,elstar
73,145.3,elstar
74,159.54,elstar
74,155.4,elstar
74,149.31,elstar
75,153.71,elstar
76,161.73,elstar
79,175.3,elstar
57,79.67,elstar
60,80.18,elstar
61,87.92,elstar
64,100,elstar
64,93.38,elstar
64,100.33,elstar
65,105.73,elstar
66,115.54,elstar
66,111.76,elstar
67,110.57,elstar
67,118.54,elstar
68,113.31,elstar
69,122.44,elstar
69,124.39,elstar
69,129.73,elstar
70,135.47,elstar
70,127.8,elstar
71,131.69,elstar
71,132.4,elstar
71,138.01,elstar
71,139.11,elstar
71,135.06,elstar
72,136.14,elstar
72,139.72,elstar
72,136.84,elstar
72,141.84,elstar
72,150.7,elstar
72,144.83,elstar
73,141.14,elstar
73,152.25,elstar
73,152.56,elstar
73,143.64,elstar
73,139.8,elstar
73,143.66,elstar
73,148.32,elstar
73,140.33,elstar
73,149.8,elstar
73,146.48,elstar
73,140.22,elstar
73,149.37,elstar
74,148.65,elstar
74,154.95,elstar
74,159.52,elstar
74,145.56,elstar
74,159.52,elstar
74,141.11,elstar
74,152.48,elstar
74,159.64,elstar
74,155.55,elstar
75,157.01,elstar
75,150.24,elstar
75,151.3,elstar
75,161.29,elstar
75,152.46,elstar
75,164.88,elstar
75,162.36,elstar
75,153.54,elstar
75,158.99,elstar
75,164.57,elstar
75,162.43,elstar
75,163.29,elstar
76,159.49,elstar
76,159.23,elstar
76,170.13,elstar
76,164.53,elstar
76,163.63,elstar
76,171.46,elstar
76,163.11,elstar
77,174.34,elstar
77,171.33,elstar
77,173.36,elstar
77,174.57,elstar
77,180.91,elstar
77,175.63,elstar
77,175.7,elstar
77,176.49,elstar
78,176.93,elstar
78,175.7,elstar
78,171.32,elstar
78,176.88,elstar
78,174.43,elstar
78,174.8,elstar
79,184.21,elstar
79,179.24,elstar
80,189.16,elstar
80,199.54,elstar
80,191.81,elstar
80,191.64,elstar
81,196.32,elstar
81,194.42,elstar
81,191.05,elstar
81,198.2,elstar
81,203.26,elstar
81,194.85,elstar
81,195.04,elstar
83,209.32,elstar
83,211.45,elstar
83,207.42,elstar
83,211.17,elstar
83,215.04,elstar
83,222.22,elstar
34,18.65,elstar
48,43.18,elstar
51,51.9,elstar
53,59.47,elstar
57,71,elstar
58,79.61,elstar
60,92.22,elstar
60,79.59,elstar
61,90.09,elstar
61,93.17,elstar
61,84.44,elstar
61,90.2,elstar
61,88.07,elstar
62,93.66,elstar
62,93.37,elstar
62,95.43,elstar
62,89.14,elstar
62,94.88,elstar
62,96.75,elstar
63,100.5,elstar
63,101.7,elstar
63,97.54,elstar
63,97.93,elstar
63,96.13,elstar
63,94.46,elstar
63,95.83,elstar
64,104.59,elstar
64,101.86,elstar
64,102.01,elstar
64,100.85,elstar
64,108.65,elstar
65,108.78,elstar
65,99.15,elstar
65,102.12,elstar
65,102.55,elstar
65,103.18,elstar
65,110.44,elstar
65,102.41,elstar
65,102.75,elstar
65,104.88,elstar
66,105.95,elstar
66,105.75,elstar
66,103.59,elstar
66,113.29,elstar
66,107.75,elstar
66,111.31,elstar
66,104.02,elstar
66,112.35,elstar
66,115.39,elstar
66,111.29,elstar
66,109.2,elstar
66,111.99,elstar
66,116.61,elstar
66,114.07,elstar
66,107.2,elstar
66,112.28,elstar
67,110.14,elstar
67,112.7,elstar
67,110.58,elstar
67,118.24,elstar
67,111.22,elstar
67,110.38,elstar
67,116.33,elstar
67,115.96,elstar
67,114.81,elstar
67,115.06,elstar
67,110.75,elstar
67,114.76,elstar
67,123.13,elstar
67,114.74,elstar
67,112.21,elstar
67,121.66,elstar
67,112.19,elstar
67,118.89,elstar
67,120.16,elstar
67,118.6,elstar
67,121.62,elstar
67,116.76,elstar
67,114.42,elstar
68,116.35,elstar
68,120.24,elstar
68,119.62,elstar
68,124.58,elstar
68,117.46,elstar
68,118.94,elstar
68,120.99,elstar
68,122.98,elstar
68,119.48,elstar
68,118.64,elstar
68,111.87,elstar
68,123.75,elstar
68,124.64,elstar
68,123.34,elstar
68,121.62,elstar
68,120.35,elstar
68,121.18,elstar
68,120.26,elstar
69,125.99,elstar
69,126.69,elstar
69,127.95,elstar
69,125.23,elstar
69,131.35,elstar
69,124.48,elstar
69,127.07,elstar
69,122.78,elstar
69,122.73,elstar
69,118.47,elstar
69,118.21,elstar
69,131.53,elstar
69,107.17,elstar
69,122.1,elstar
69,125.08,elstar
69,130.52,elstar
69,135.17,elstar
69,122.02,elstar
70,129.62,elstar
70,135.9,elstar
70,131.87,elstar
70,123.87,elstar
70,130.41,elstar
70,128.19,elstar
70,134.32,elstar
70,134.22,elstar
70,129.95,elstar
70,134.93,elstar
70,128.17,elstar
70,132.09,elstar
71,136.57,elstar
71,141.71,elstar
71,136.41,elstar
71,136.32,elstar
71,140.71,elstar
71,134.28,elstar
71,129.56,elstar
71,128.03,elstar
71,140.22,elstar
71,132.73,elstar
71,133.64,elstar
71,133.07,elstar
71,140.33,elstar
71,134.68,elstar
72,138.51,elstar
72,137.15,elstar
72,140.29,elstar
72,143.64,elstar
72,138.1,elstar
72,137.38,elstar
72,143.44,elstar
72,145.02,elstar
72,143.27,elstar
72,142.16,elstar
73,149.3,elstar
73,148.81,elstar
73,139.97,elstar
73,142.05,elstar
73,150,elstar
73,143.23,elstar
73,151.29,elstar
74,159.26,elstar
74,142.59,elstar
74,144.76,elstar
74,157,elstar
74,151.02,elstar
74,148.24,elstar
74,147.64,elstar
74,151.13,elstar
74,164.85,elstar
74,163.09,elstar
74,150.63,elstar
75,156.56,elstar
75,161.31,elstar
75,154.81,elstar
75,168.03,elstar
76,160.92,elstar
76,158.79,elstar
76,155.71,elstar
76,153.26,elstar
77,161.07,elstar
77,162.91,elstar
77,170.07,elstar
79,186.61,elstar
79,174.64,elstar
79,173.79,elstar
79,184.23,elstar
80,188.99,elstar
53,55.92,elstar
60,86.02,elstar
64,103.72,elstar
65,97.28,elstar
67,109.8,elstar
70,118.13,elstar
72,145.36,elstar
72,137.09,elstar
73,136.87,elstar
73,149.39,elstar
74,148.94,elstar
74,148.45,elstar
74,149.96,elstar
75,156.69,elstar
78,175.85,elstar
81,195.05,elstar
83,198.45,elstar
84,208.34,elstar
86,221.38,elstar
86,226.82,elstar
88,239.72,elstar
88,243.7,elstar
88,264.55,elstar
88,253.98,elstar
36,19.34,elstar
45,36.03,elstar
49,54.65,elstar
53,53.43,elstar
55,58.14,elstar
57,54.69,elstar
57,73.42,elstar
57,64.62,elstar
58,71.49,elstar
58,72.6,elstar
59,76.22,elstar
59,76.03,elstar
59,73.69,elstar
59,78.09,elstar
60,80.1,elstar
63,85.61,elstar
63,94.32,elstar
64,94.94,elstar
64,94.39,elstar
64,94.93,elstar
64,98.41,elstar
66,108.08,elstar
67,116.47,elstar
67,111.36,elstar
67,115.41,elstar
67,108.28,elstar
67,94.93,elstar
68,115.55,elstar
68,111.78,elstar
68,117.77,elstar
69,121.8,elstar
69,118.02,elstar
69,122.4,elstar
69,106.88,elstar
69,124.29,elstar
69,122.65,elstar
70,129.03,elstar
70,120.47,elstar
70,125.02,elstar
70,126.64,elstar
70,125.64,elstar
70,120.46,elstar
71,133.83,elstar
71,136.77,elstar
71,132.82,elstar
71,127.5,elstar
71,133.72,elstar
71,127.92,elstar
71,139.82,elstar
71,126.61,elstar
72,138.93,elstar
72,137.96,elstar
72,130.64,elstar
72,133.71,elstar
72,144.21,elstar
72,142.29,elstar
72,128.66,elstar
72,140.73,elstar
73,140.44,elstar
73,146.39,elstar
73,148.57,elstar
73,141.39,elstar
73,145.18,elstar
74,151.28,elstar
74,145.69,elstar
74,138.11,elstar
74,154.57,elstar
74,141.13,elstar
74,143.94,elstar
74,145.06,elstar
74,145.78,elstar
74,152.95,elstar
74,145.38,elstar
74,146.04,elstar
74,148.59,elstar
74,148.71,elstar
75,157.74,elstar
75,157.33,elstar
75,154.48,elstar
75,155.89,elstar
75,162.78,elstar
75,158.47,elstar
75,161.5,elstar
75,165.9,elstar
75,158.04,elstar
75,158.22,elstar
75,143.73,elstar
76,161.1,elstar
76,156.82,elstar
76,161.85,elstar
76,155.29,elstar
76,162.7,elstar
76,166.93,elstar
76,172.21,elstar
76,165.66,elstar
77,156.38,elstar
77,168.65,elstar
77,164.95,elstar
78,166.85,elstar
78,178.11,elstar
78,168.17,elstar
78,172.5,elstar
78,170.46,elstar
79,180.96,elstar
79,181.26,elstar
79,169.69,elstar
80,194.41,elstar
81,168.37,elstar
81,200.65,elstar
81,186.82,elstar
82,200.06,elstar
82,205.76,elstar
83,203.35,elstar
84,218.54,elstar
85,226.7,elstar
87,232.24,elstar
92,246.62,elstar
60,82.47,elstar
62,91.4,elstar
69,127.63,elstar
69,127.44,elstar
70,121.23,elstar
70,139.26,elstar
78,174.34,elstar
80,207.5,elstar
81,208.58,elstar
85,223.63,elstar
85,241.91,elstar
88,253.55,elstar
88,242.41,elstar
35,21.57,elstar
39,24.21,elstar
39,25.54,elstar
41,29.85,elstar
66,113.76,elstar
67,107.91,elstar
69,130.05,elstar
69,134.52,elstar
69,122.57,elstar
69,145.84,elstar
71,130.89,elstar
71,132,elstar
71,135.7,elstar
71,141.02,elstar
71,134.04,elstar
72,140.33,elstar
72,136.53,elstar
72,134.09,elstar
73,135.21,elstar
73,149.69,elstar
73,141.92,elstar
73,143.38,elstar
73,146.3,elstar
74,150.38,elstar
74,141.04,elstar
74,145.72,elstar
74,158.59,elstar
74,150.8,elstar
75,157.65,elstar
75,148.55,elstar
75,160.18,elstar
76,165.15,elstar
76,164.58,elstar
76,157.89,elstar
76,160.9,elstar
76,160.79,elstar
76,160.07,elstar
77,168.67,elstar
77,168.92,elstar
77,172.96,elstar
78,173.14,elstar
78,166.36,elstar
80,190.07,elstar
80,191.42,elstar
80,197.77,elstar
80,188.21,elstar
81,193.68,elstar
84,213.59,elstar
84,205.47,elstar
85,221.25,elstar
85,228.99,elstar
88,230.42,elstar
40,28.79,elstar
51,50.29,elstar
53,59.06,elstar
54,57.78,elstar
55,63.5,elstar
55,64.47,elstar
55,66.05,elstar
58,76.37,elstar
59,80.97,elstar
60,84.84,elstar
60,80.18,elstar
60,84.99,elstar
60,86.86,elstar
61,85.67,elstar
61,81.74,elstar
62,94.93,elstar
62,89.76,elstar
62,95.97,elstar
62,90.15,elstar
62,91.18,elstar
62,86.83,elstar
62,92.21,elstar
63,97.19,elstar
63,94.93,elstar
63,96.74,elstar
63,94.87,elstar
63,97.63,elstar
63,98.55,elstar
64,101.64,elstar
64,104.27,elstar
64,104.94,elstar
64,101.1,elstar
64,98.29,elstar
64,99.86,elstar
64,101.25,elstar
64,100.64,elstar
64,97.21,elstar
64,102.41,elstar
65,104.23,elstar
65,98.48,elstar
65,98.82,elstar
65,112.58,elstar
65,106.03,elstar
66,109.88,elstar
66,108.91,elstar
66,105.94,elstar
66,111.37,elstar
66,118.07,elstar
66,116.13,elstar
66,105.07,elstar
66,105.91,elstar
66,105.91,elstar
66,110.72,elstar
67,113.58,elstar
67,108.59,elstar
67,113.21,elstar
67,114.9,elstar
67,122.2,elstar
67,119.91,elstar
67,117.36,elstar
67,115.67,elstar
67,115.59,elstar
67,116.08,elstar
67,121.64,elstar
68,118.53,elstar
68,127.95,elstar
68,120.03,elstar
68,118.73,elstar
68,122.65,elstar
68,120.99,elstar
68,123.77,elstar
69,124.09,elstar
69,126.86,elstar
69,135.19,elstar
69,132.22,elstar
69,128.2,elstar
70,133.98,elstar
70,130.54,elstar
70,130.64,elstar
70,131.88,elstar
70,127.71,elstar
70,128.61,elstar
70,134.3,elstar
70,129.93,elstar
70,129.98,elstar
70,126.62,elstar
70,137.47,elstar
70,131.92,elstar
70,132.03,elstar
71,129.14,elstar
71,137.35,elstar
71,134.92,elstar
71,129.58,elstar
71,137.69,elstar
71,133.38,elstar
71,136.74,elstar
71,129.48,elstar
71,138.74,elstar
71,137.55,elstar
71,127.79,elstar
71,138.39,elstar
72,141.48,elstar
72,144.98,elstar
72,139.81,elstar
72,144.69,elstar
72,141.3,elstar
72,140.35,elstar
73,146.54,elstar
73,140.7,elstar
73,140.83,elstar
73,148.97,elstar
73,153.15,elstar
73,145.55,elstar
74,156.96,elstar
75,162.93,elstar
76,170.3,elstar
76,167.81,elstar
77,178.22,elstar
78,186.35,elstar
71,141.21,elstar
72,137.66,elstar
73,149.51,elstar
73,141.95,elstar
73,148.56,elstar
73,158.82,elstar
74,149.59,elstar
74,148.96,elstar
74,163.21,elstar
75,159.16,elstar
75,166.21,elstar
78,176.39,elstar
81,203.56,elstar
81,198.26,elstar
44,35.94,elstar
49,45.89,elstar
51,50.8,elstar
52,52.91,elstar
53,54.9,elstar
53,56.56,elstar
54,60.09,elstar
56,70.23,elstar
56,75.08,elstar
58,73.29,elstar
59,75.32,elstar
59,84.99,elstar
59,79.84,elstar
59,79.16,elstar
59,79,elstar
59,85.24,elstar
60,80.39,elstar
60,78.46,elstar
60,85.14,elstar
60,85.15,elstar
60,79.54,elstar
60,80.74,elstar
61,87.39,elstar
61,88.69,elstar
61,89.08,elstar
61,88.19,elstar
61,86.03,elstar
61,88.5,elstar
61,90.4,elstar
61,93.32,elstar
61,88.75,elstar
61,91.59,elstar
61,88.94,elstar
61,90.46,elstar
62,87.73,elstar
62,92.88,elstar
62,92.11,elstar
62,94.35,elstar
62,93.13,elstar
63,94.17,elstar
63,94.75,elstar
63,98.16,elstar
63,95.01,elstar
63,99.94,elstar
63,91.91,elstar
63,94.42,elstar
63,103.2,elstar
63,91.01,elstar
63,98.83,elstar
63,96.52,elstar
63,97.8,elstar
63,97.09,elstar
63,97.05,elstar
63,80.78,elstar
64,99.52,elstar
64,97.87,elstar
64,98.8,elstar
64,100.11,elstar
64,102.09,elstar
64,95.55,elstar
64,101.98,elstar
64,101.89,elstar
64,105.38,elstar
64,98.23,elstar
64,98.46,elstar
64,103.96,elstar
64,102.9,elstar
64,99.44,elstar
65,102.06,elstar
65,103.64,elstar
65,108.87,elstar
65,92.96,elstar
65,102.55,elstar
65,103.07,elstar
65,105.17,elstar
65,110.71,elstar
65,106.96,elstar
65,107.43,elstar
66,104.44,elstar
66,112.55,elstar
66,102.65,elstar
66,104.06,elstar
66,105.72,elstar
66,103.38,elstar
66,104.76,elstar
66,106.63,elstar
66,110.05,elstar
66,107.31,elstar
67,110.57,elstar
67,120.93,elstar
67,108.34,elstar
67,112.98,elstar
67,114.56,elstar
67,115.6,elstar
67,116.52,elstar
67,112.74,elstar
67,111.96,elstar
67,112.2,elstar
67,117.13,elstar
67,118.74,elstar
67,120.17,elstar
67,118.31,elstar
68,121.66,elstar
68,113.99,elstar
68,123.07,elstar
68,119.46,elstar
68,124.06,elstar
68,121.23,elstar
69,123.78,elstar
69,124.44,elstar
69,118.05,elstar
69,123.35,elstar
69,117.94,elstar
69,121.09,elstar
69,122.37,elstar
69,124.06,elstar
69,121.49,elstar
69,123.16,elstar
70,126.05,elstar
70,125.01,elstar
70,128.17,elstar
70,133.03,elstar
70,128.33,elstar
70,128.53,elstar
70,125.84,elstar
71,131.85,elstar
71,133.79,elstar
71,138.54,elstar
72,133.22,elstar
73,135.98,elstar
73,144.3,elstar
74,152.34,elstar
75,151.33,elstar
76,161.69,elstar
77,166.97,elstar
49,51.32,elstar
49,52,elstar
52,58.62,elstar
52,61.5,elstar
53,60.06,elstar
53,61.2,elstar
53,64.39,elstar
54,64.69,elstar
54,65.07,elstar
54,65.49,elstar
54,65.69,elstar
55,77.58,elstar
55,67.64,elstar
55,68.17,elstar
55,66.77,elstar
55,70.3,elstar
56,78.61,elstar
56,73.44,elstar
56,73.21,elstar
56,74.49,elstar
57,92.3,elstar
57,74.7,elstar
57,77.03,elstar
57,91.42,elstar
58,78.68,elstar
58,77.57,elstar
58,82.49,elstar
58,81.69,elstar
58,86.94,elstar
58,81.48,elstar
58,80.75,elstar
58,83.54,elstar
58,78.8,elstar
58,82.09,elstar
58,81.99,elstar
59,85.23,elstar
60,89.15,elstar
60,88.58,elstar
60,87.23,elstar
60,89.7,elstar
60,88.2,elstar
60,88.76,elstar
60,93.41,elstar
60,88,elstar
60,90.3,elstar
60,90.49,elstar
61,98.2,elstar
61,95.32,elstar
61,93.22,elstar
61,93.42,elstar
61,93.57,elstar
62,92.87,elstar
62,97.31,elstar
62,97.71,elstar
62,97.36,elstar
62,94.77,elstar
62,98.86,elstar
62,100.82,elstar
63,97.61,elstar
63,105.6,elstar
63,99.15,elstar
63,102.78,elstar
63,99.2,elstar
63,98.31,elstar
63,101.26,elstar
63,100.62,elstar
64,104.42,elstar
65,107.73,elstar
65,109.56,elstar
66,113.66,elstar
66,117.55,elstar
66,110.2,elstar
66,114.56,elstar
66,118.1,elstar
66,115.27,elstar
66,111.62,elstar
67,119.62,elstar
67,120.28,elstar
68,120.14,elstar
68,125.67,elstar
69,126.36,elstar
69,128.72,elstar
71,138.41,elstar
73,150.71,elstar
56,67.97,elstar
57,75.13,elstar
59,83.91,elstar
61,90.88,elstar
64,101.16,elstar
64,98.35,elstar
66,106.11,elstar
67,112.86,elstar
67,114.71,elstar
67,120.73,elstar
68,120.4,elstar
68,124.07,elstar
68,118.16,elstar
68,127.39,elstar
68,125.49,elstar
68,125.33,elstar
68,115.73,elstar
68,123.51,elstar
69,123.84,elstar
69,106.24,elstar
69,128.15,elstar
69,125.76,elstar
70,127.12,elstar
70,127.97,elstar
70,120.19,elstar
70,126.62,elstar
70,132.75,elstar
70,135.88,elstar
71,127.74,elstar
71,129.37,elstar
71,135.14,elstar
71,138.85,elstar
71,134.54,elstar
71,137.01,elstar
72,143.06,elstar
72,137.08,elstar
72,134.72,elstar
72,140.18,elstar
72,143.29,elstar
72,143.9,elstar
72,134.8,elstar
73,135.6,elstar
73,149,elstar
73,151.63,elstar
73,143.06,elstar
73,141.28,elstar
73,147.53,elstar
73,145.7,elstar
73,144.4,elstar
74,150.95,elstar
74,145.59,elstar
74,147.33,elstar
74,149.88,elstar
74,147.99,elstar
74,156.84,elstar
74,150.01,elstar
74,150.07,elstar
74,157.01,elstar
75,157.23,elstar
75,139.51,elstar
76,157.67,elstar
76,164.21,elstar
78,169.89,elstar
78,179.44,elstar
79,179.22,elstar
79,174.58,elstar
81,183.09,elstar
47,46.32,elstar
58,82.19,elstar
58,79.08,elstar
61,98.48,elstar
61,92.89,elstar
62,96.22,elstar
62,97.4,elstar
62,91.73,elstar
63,99.52,elstar
63,102.69,elstar
63,103.1,elstar
63,100.31,elstar
64,101.74,elstar
64,108.23,elstar
64,107.4,elstar
64,102.15,elstar
65,108.4,elstar
65,108.99,elstar
65,106.94,elstar
65,107.1,elstar
66,108.39,elstar
67,112.82,elstar
67,115.12,elstar
67,115.58,elstar
67,119.35,elstar
67,118.07,elstar
67,116.48,elstar
67,122.3,elstar
67,114.8,elstar
67,122.76,elstar
67,117.63,elstar
67,120.38,elstar
67,121.29,elstar
68,122.84,elstar
68,123.64,elstar
68,120.72,elstar
68,125.72,elstar
68,120.25,elstar
68,120.74,elstar
68,119.77,elstar
68,125.27,elstar
69,120.95,elstar
69,127.13,elstar
69,127.42,elstar
69,126.08,elstar
69,128.49,elstar
69,123.79,elstar
69,130.17,elstar
69,125.93,elstar
69,129.1,elstar
69,133.49,elstar
70,130.83,elstar
70,129.6,elstar
70,135.48,elstar
70,132.09,elstar
70,128.04,elstar
70,132.43,elstar
70,133.79,elstar
70,136.53,elstar
70,136.37,elstar
70,131.45,elstar
70,131.58,elstar
70,132.79,elstar
71,139.68,elstar
71,135.13,elstar
71,135.58,elstar
71,135.2,elstar
71,137.14,elstar
71,140.97,elstar
71,135.62,elstar
71,138.58,elstar
71,140.12,elstar
72,138.36,elstar
72,142.39,elstar
72,143.95,elstar
72,144.46,elstar
72,143.51,elstar
72,142.35,elstar
73,147.88,elstar
73,147.97,elstar
73,150.08,elstar
74,147.77,elstar
74,149.11,elstar
74,155.12,elstar
74,151.38,elstar
76,170.92,elstar
78,180.63,elstar
79,188.41,elstar
47,40.14,elstar
48,45.8,elstar
49,46.54,elstar
49,51.51,elstar
51,56.88,elstar
52,51.12,elstar
52,54.36,elstar
52,57.19,elstar
52,57.7,elstar
53,56.67,elstar
53,57.68,elstar
53,59.32,elstar
53,60.58,elstar
53,56.13,elstar
54,62,elstar
54,61.4,elstar
54,67.32,elstar
55,63.69,elstar
55,62.28,elstar
55,65.28,elstar
55,68.18,elstar
56,68.95,elstar
56,67.52,elstar
56,67.51,elstar
56,68.36,elstar
56,70.3,elstar
56,68.75,elstar
56,71.15,elstar
56,69.78,elstar
56,70.08,elstar
56,66.75,elstar
57,74.03,elstar
57,75.92,elstar
58,78.12,elstar
58,77.93,elstar
58,82.57,elstar
58,74.42,elstar
58,74.41,elstar
59,77.22,elstar
59,75.53,elstar
59,75.79,elstar
59,81.56,elstar
59,80.16,elstar
59,76.79,elstar
59,78.6,elstar
59,82.89,elstar
60,77.01,elstar
60,88.42,elstar
60,81.13,elstar
60,86.98,elstar
60,85.19,elstar
60,88.44,elstar
60,85.3,elstar
60,87.22,elstar
60,86,elstar
60,84.02,elstar
60,92.24,elstar
60,83.98,elstar
61,86.95,elstar
61,88.41,elstar
61,89.58,elstar
61,87.3,elstar
61,85.91,elstar
61,89.79,elstar
61,91.64,elstar
61,90.39,elstar
61,89.58,elstar
62,90.85,elstar
62,90.39,elstar
62,93.7,elstar
62,100.17,elstar
62,95.29,elstar
62,96.58,elstar
62,95.36,elstar
62,98.45,elstar
62,96.81,elstar
63,99.27,elstar
63,94.22,elstar
63,97.33,elstar
63,97.44,elstar
63,94.82,elstar
63,97.2,elstar
63,97.54,elstar
64,101.66,elstar
64,90.04,elstar
64,88.72,elstar
64,101.06,elstar
64,96.91,elstar
64,94.93,elstar
64,101.38,elstar
64,105.17,elstar
64,104.75,elstar
64,105.75,elstar
64,107.99,elstar
64,101.83,elstar
64,99.41,elstar
65,103.72,elstar
65,109.14,elstar
65,107.14,elstar
65,111.01,elstar
65,103.56,elstar
65,107.45,elstar
65,103.22,elstar
65,101.83,elstar
66,102.1,elstar
66,111.12,elstar
66,104.93,elstar
66,113.24,elstar
67,110.49,elstar
67,116.65,elstar
67,113.55,elstar
67,115.66,elstar
67,116.48,elstar
67,115.77,elstar
67,113.74,elstar
67,120.35,elstar
67,120.89,elstar
67,112.6,elstar
68,119.1,elstar
68,116.8,elstar
68,121.1,elstar
68,126.31,elstar
69,125.66,elstar
69,127.32,elstar
69,126.64,elstar
69,118.59,elstar
69,131.54,elstar
70,124.54,elstar
70,124.96,elstar
70,130.01,elstar
70,128.41,elstar
71,133,elstar
71,142.44,elstar
72,142.07,elstar
72,134.48,elstar
73,140.34,elstar
33,15.15,elstar
48,43.45,elstar
51,51.31,elstar
53,60.74,elstar
53,62.86,elstar
54,129.72,elstar
54,62.54,elstar
54,67.96,elstar
55,65.43,elstar
56,69.24,elstar
56,68.45,elstar
57,74.73,elstar
58,87.14,elstar
59,75.91,elstar
59,83.02,elstar
59,79.22,elstar
59,78.89,elstar
60,82.03,elstar
60,84.31,elstar
60,82.2,elstar
60,87.62,elstar
60,85.79,elstar
61,88.55,elstar
61,86.69,elstar
61,87,elstar
61,94.4,elstar
61,90.98,elstar
61,92.07,elstar
62,91.09,elstar
62,94.58,elstar
62,94.43,elstar
62,94.82,elstar
62,93.72,elstar
62,94.92,elstar
63,99.13,elstar
63,98.19,elstar
63,96.73,elstar
63,96.67,elstar
63,100.57,elstar
63,96.46,elstar
63,100.31,elstar
63,105.89,elstar
63,97.14,elstar
63,98.32,elstar
63,98.45,elstar
64,101.19,elstar
64,102.2,elstar
64,101.39,elstar
64,104.58,elstar
64,101.47,elstar
64,103.2,elstar
64,102.59,elstar
64,100.09,elstar
64,108.77,elstar
64,103.42,elstar
64,105.03,elstar
64,108.12,elstar
65,105.98,elstar
65,106.96,elstar
65,108.68,elstar
65,110.69,elstar
65,109.16,elstar
65,107.69,elstar
65,107.74,elstar
65,104.79,elstar
66,110.06,elstar
66,108.76,elstar
66,109.51,elstar
66,106.69,elstar
66,108.25,elstar
66,115.87,elstar
66,108.87,elstar
66,112.15,elstar
66,114.07,elstar
66,112.97,elstar
67,116.85,elstar
67,114.4,elstar
67,112.28,elstar
67,117.43,elstar
67,112.31,elstar
67,114.27,elstar
67,116.84,elstar
67,112.12,elstar
67,116.11,elstar
67,115.9,elstar
67,112.42,elstar
67,115.47,elstar
67,117.48,elstar
67,116.7,elstar
67,128.17,elstar
67,116.72,elstar
67,116.77,elstar
67,117.79,elstar
67,118.86,elstar
67,122.21,elstar
67,121.23,elstar
68,116.42,elstar
68,122.28,elstar
68,121.33,elstar
68,124,elstar
68,120.88,elstar
68,121.73,elstar
68,119.78,elstar
68,120.72,elstar
68,122.7,elstar
68,125.94,elstar
68,122.28,elstar
69,124.17,elstar
69,126.59,elstar
69,127.17,elstar
69,124.24,elstar
69,128.4,elstar
69,123,elstar
69,123.08,elstar
69,127.02,elstar
70,132.86,elstar
70,108.91,elstar
70,134.39,elstar
70,129.56,elstar
70,133.92,elstar
70,127.56,elstar
70,127.25,elstar
70,129.09,elstar
70,130.29,elstar
70,131.12,elstar
70,134.66,elstar
71,134.84,elstar
71,133.16,elstar
71,144.84,elstar
71,138.28,elstar
73,142.53,elstar
73,146,elstar
73,144.75,elstar
73,145.21,elstar
73,152.91,elstar
73,149.07,elstar
74,150.54,elstar
74,153.71,elstar
74,156.5,elstar
75,156.01,elstar
51,52.54,elstar
57,67.06,elstar
75,154.22,elstar
75,155.07,elstar
78,188.01,elstar
80,186.65,elstar
80,189.08,elstar
81,202.52,elstar
82,201.26,elstar
84,215.58,elstar
81,192.77,elstar
87,238.28,elstar
72,140.12,elstar
77,172.89,elstar
84,228.59,elstar
70,126.94,elstar
71,141.58,elstar
77,170.6,elstar
81,187.58,elstar
51.7,54,red_elstar
50.9,55.1,red_elstar
53.4,56.8,red_elstar
52.6,58.9,red_elstar
54.4,58.5,red_elstar
53.4,60.5,red_elstar
54,61.7,red_elstar
54.5,63.6,red_elstar
55,64.5,red_elstar
56.4,66.4,red_elstar
55,67.1,red_elstar
55.5,68,red_elstar
56.2,68,red_elstar
57.5,68,red_elstar
58.1,68.5,red_elstar
55.5,68.7,red_elstar
57.6,69.7,red_elstar
56.6,70.3,red_elstar
56.4,70.6,red_elstar
57.1,71.3,red_elstar
57.7,71.8,red_elstar
58.2,73.4,red_elstar
57.4,73.6,red_elstar
57.9,73.6,red_elstar
57.7,74.3,red_elstar
58.7,74.3,red_elstar
59,74.3,red_elstar
56.6,74.5,red_elstar
57.7,75.2,red_elstar
59.5,76,red_elstar
59.3,76.2,red_elstar
57.7,76.4,red_elstar
59.1,77.8,red_elstar
58.5,78.3,red_elstar
59.5,78.5,red_elstar
58.3,79.4,red_elstar
59.4,79.9,red_elstar
58.9,80.4,red_elstar
60.4,80.4,red_elstar
59.3,81.3,red_elstar
59.9,81.6,red_elstar
59.9,81.8,red_elstar
59.7,82,red_elstar
60.5,82.5,red_elstar
60.7,82.5,red_elstar
58.5,82.7,red_elstar
60.2,83.2,red_elstar
60.5,83.7,red_elstar
61.1,84.1,red_elstar
60.7,84.6,red_elstar
61.3,84.8,red_elstar
59.5,85.9,red_elstar
60.4,86,red_elstar
61.2,86.5,red_elstar
60.7,86.9,red_elstar
62.2,86.9,red_elstar
61.5,87.2,red_elstar
60.7,87.8,red_elstar
61.5,87.9,red_elstar
62.5,88.1,red_elstar
62.4,88.1,red_elstar
61.3,89,red_elstar
62.7,89.7,red_elstar
61.5,90.2,red_elstar
62.2,90.2,red_elstar
61.9,90.4,red_elstar
62.3,90.9,red_elstar
62.4,91.4,red_elstar
62.8,91.8,red_elstar
61.9,92.3,red_elstar
63,92.3,red_elstar
63.4,92.3,red_elstar
63.2,93,red_elstar
61.4,93,red_elstar
62.1,93.4,red_elstar
62.8,93.4,red_elstar
62,93.9,red_elstar
63,94.4,red_elstar
64.3,94.4,red_elstar
61.8,94.8,red_elstar
63.8,94.9,red_elstar
62.4,95.3,red_elstar
62.8,96.2,red_elstar
63.7,96.7,red_elstar
64,97.2,red_elstar
62.6,97.6,red_elstar
63.2,98.3,red_elstar
64.4,98.4,red_elstar
62.6,99,red_elstar
64.9,99.1,red_elstar
65,100.7,red_elstar
63.8,101.1,red_elstar
65,103,red_elstar
63.7,103,red_elstar
64.4,103.2,red_elstar
64.3,104.6,red_elstar
65,104.9,red_elstar
65.6,104.9,red_elstar
65.8,104.9,red_elstar
66,106,red_elstar
66.2,106.5,red_elstar
65.4,107.4,red_elstar
65.8,109.5,red_elstar
66.4,109.5,red_elstar
66.2,110.5,red_elstar
67,110.5,red_elstar
67,111.6,red_elstar
67.4,114,red_elstar
68,114.4,red_elstar
67.3,115.3,red_elstar
67.2,117.2,red_elstar
68.3,121.6,red_elstar
68.7,123,red_elstar
67.8,123.7,red_elstar
67.9,124.4,red_elstar
69.2,125.4,red_elstar
79,204,honeycrisp
81,220,honeycrisp
83,222,honeycrisp
79,207,honeycrisp
71,162,honeycrisp
80,194,honeycrisp
95,328,honeycrisp
89,300,honeycrisp
87,274,honeycrisp
80,221,honeycrisp
99,400,honeycrisp
94,335,honeycrisp
74,165,honeycrisp
93,320,honeycrisp
90,298,honeycrisp
90,335,honeycrisp
92,318,honeycrisp
84,248,honeycrisp
90,320,honeycrisp
88,294,honeycrisp
97,354,honeycrisp
88,269,honeycrisp
72,150,honeycrisp
85,243,honeycrisp
100,365,honeycrisp
90,320,honeycrisp
85,242,honeycrisp
91,275,honeycrisp
69,148,honeycrisp
81,221,honeycrisp
90,284,honeycrisp
86,271,honeycrisp
91,316,honeycrisp
90,312,honeycrisp
86,270,honeycrisp
77,193,honeycrisp
92,337,honeycrisp
97,359,honeycrisp
86,268,honeycrisp
80,218,honeycrisp
89,298,honeycrisp
79,202,honeycrisp
73,187,honeycrisp
87,295,honeycrisp
79,217,honeycrisp
79,205,honeycrisp
90,292,honeycrisp
82,223,honeycrisp
88,307,honeycrisp
91,313,honeycrisp
90,295,honeycrisp
97,344,honeycrisp
90,302,honeycrisp
92,313,honeycrisp
91,329,honeycrisp
108,487,honeycrisp
90,311,honeycrisp
86,265,honeycrisp
93,307,honeycrisp
86,254,honeycrisp
95,338,honeycrisp
74,156,honeycrisp
84,257,honeycrisp
86,285,honeycrisp
87,289,honeycrisp
78,207,honeycrisp
98,363,honeycrisp
96,340,honeycrisp
85,241,honeycrisp
85,241,honeycrisp
89,265,honeycrisp
98,374,honeycrisp
92,286,honeycrisp
79,189,honeycrisp
92,268,honeycrisp
68,140.36,pinova
69,141.03,pinova
71,143.71,pinova
70,148.44,pinova
73,161.65,pinova
70,137.93,pinova
70,143.89,pinova
67,122.71,pinova
65,119.31,pinova
69,138.95,pinova
71,148.8,pinova
71,145.62,pinova
68,132.8,pinova
71,150.63,pinova
72,158.99,pinova
72,154.75,pinova
68,139.05,pinova
67,123.11,pinova
67,126.61,pinova
68,131.14,pinova
66,114.94,pinova
67,122.66,pinova
67,126.39,pinova
68,131.88,pinova
63,108.9,pinova
68,132.43,pinova
63,113.82,pinova
63,99.98,pinova
54,72.06,pinova
65,124.09,pinova
64,107.92,pinova
61,106.72,pinova
68,132.63,pinova
53,68.08,pinova
70,142.98,pinova
69,143.47,pinova
71,151.89,pinova
57,86.7,pinova
60,97.1,pinova
70,146.42,pinova
70,139.56,pinova
66,117.06,pinova
71,148.49,pinova
64,114.7,pinova
64,123.91,pinova
74,168.67,pinova
73,155.03,pinova
65,118.92,pinova
69,133.04,pinova
65,119.52,pinova
66,126.94,pinova
65,110.26,pinova
68,127.17,pinova
60,92.15,pinova
67,132,pinova
66,130.25,pinova
64,114.15,pinova
67,115.69,pinova
65,108.17,pinova
66,124.81,pinova
66,119.63,pinova
64,108.41,pinova
68,134.69,pinova
54,67.11,pinova
55,79.11,pinova
52,63.87,pinova
55,70.29,pinova
58,85.56,pinova
65,115.84,pinova
64,115.54,pinova
67,124.06,pinova
63,112.39,pinova
65,124.45,pinova
67,135.07,pinova
70,149.9,pinova
67,120.54,pinova
66,123.74,pinova
72,166.46,pinova
68,124.61,pinova
65,116.72,pinova
63,111.44,pinova
63,106.87,pinova
68,132.32,pinova
55,71.69,pinova
59,82.01,pinova
62,102.57,pinova
64,112.88,pinova
64,115.03,pinova
54,76.49,pinova
68,139.22,pinova
68,133.17,pinova
64,118.04,pinova
68,136.41,pinova
63,113.05,pinova
57,84.39,pinova
58,85.92,pinova
54,73.08,pinova
63,112.36,pinova
68,132.78,pinova
66,124.08,pinova
69,130.35,pinova
59,84.19,pinova
65,114.26,pinova
67,128.9,pinova
66,125.9,pinova
60,93.99,pinova
56,79.52,pinova
63,110.47,pinova
67,138.92,pinova
64,114.58,pinova
71,146.92,pinova
63,100.76,pinova
59,90.89,pinova
64,113.64,pinova
64,109.88,pinova
53,71.61,pinova
58,83.9,pinova
56,80.76,pinova
64,104.38,pinova
60,86.64,pinova
64,104.32,pinova
64,110.24,pinova
60,88.28,pinova
65,106.75,pinova
59,81.68,pinova
65,110.68,pinova
67,131.08,pinova
63,104.63,pinova
65,120.32,pinova
61,96.09,pinova
65,115.71,pinova
64,97.92,pinova
63,109.32,pinova
64,112.42,pinova
64,109.81,pinova
71,147.98,pinova
69,138.94,pinova
66,120.71,pinova
66,122.35,pinova
65,122.69,pinova
70,147.92,pinova
66,131.68,pinova
68,139.53,pinova
64,112.55,pinova
64,110.41,pinova
65,122.17,pinova
65,117.6,pinova
59,86.29,pinova
68,132.03,pinova
65,123.46,pinova
68,129.96,pinova
67,132.04,pinova
67,128.39,pinova
69,137.01,pinova
68,138.32,pinova
65,114.19,pinova
70,148.02,pinova
67,128.77,pinova
74,174.04,pinova
73,159.46,pinova
62,106.02,pinova
63,110.71,pinova
55,74.19,pinova
64,113.59,pinova
60,94.46,pinova
54,74.78,pinova
57,82.21,pinova
57,81.15,pinova
60,97.77,pinova
57,83.23,pinova
66,127.96,pinova
72,155.39,pinova
70,143.3,pinova
68,126.8,pinova
51,61.97,pinova
52,63.48,pinova
57,84.25,pinova
58,94.21,pinova
65,109.01,pinova
60,97.68,pinova
58,88.33,pinova
61,105.43,pinova
57,78.79,pinova
65,121.77,pinova
61,97.74,pinova
64,125.13,pinova
59,92.14,pinova
55,73.39,pinova
66,127.09,pinova
67,126.87,pinova
66,114.95,pinova
61,96.09,pinova
60,98.7,pinova
54,69.52,pinova
55,74.7,pinova
57,78.44,pinova
58,89.07,pinova
74,171.03,pinova
66,118.43,pinova
68,129.29,pinova
66,123.98,pinova
66,120.26,pinova
65,115.05,pinova
67,130.94,pinova
63,111.65,pinova
51,58.99,pinova
68,133.77,pinova
65,119.62,pinova
67,128.3,pinova
61,96.31,pinova
63,116.48,pinova
65,119.44,pinova
59,94.5,pinova
65,112.54,pinova
64,119.39,pinova
65,116.31,pinova
64,108.44,pinova
61,103.52,pinova
63,112.69,pinova
62,104.72,pinova
62,97.45,pinova
57,91.1,pinova
59,93.92,pinova
62,110.04,pinova
58,88.01,pinova
57,87.73,pinova
58,86.36,pinova
59,85.32,pinova
59,93.95,pinova
59,100.99,pinova
60,87.93,pinova
58,83.72,pinova
62,99.98,pinova
58,86.83,pinova
60,88.55,pinova
59,94.56,pinova
80,205.98,pinova
74,181.06,pinova
68,137.72,pinova
75,188.35,pinova
72,163.67,pinova
70,149.11,pinova
76,187.73,pinova
54,66.12,pinova
71,161.77,pinova
72,173.24,pinova
65,115.87,pinova
72,159.88,pinova
70,151.97,pinova
78,200.28,pinova
70,149.69,pinova
73,168.47,pinova
67,141.96,pinova
71,159.85,pinova
73,163.9,pinova
79,203.56,pinova
79,207.21,pinova
74,178.59,pinova
76,186.66,pinova
74,184.77,pinova
69,145,pinova
68,143.41,pinova
73,162.73,pinova
69,163.12,pinova
69,142.91,pinova
67,147.21,pinova
70,155.07,pinova
73,178.52,pinova
78,194.8,pinova
76,190.96,pinova
79,217.31,pinova
79,210.35,pinova
74,180.58,pinova
74,174.22,pinova
75,190.18,pinova
72,158.09,pinova
73,166.3,pinova
83,238.7,pinova
77,196.89,pinova
75,172.29,pinova
78,205.72,pinova
69,153.72,pinova
73,177.36,pinova
78,196.61,pinova
74,178.09,pinova
68,148.48,pinova
83,240.24,pinova
84,259.98,pinova
90,309.82,pinova
90,318.69,pinova
84,246.58,pinova
75,196.19,pinova
84,249.64,pinova
76,194.48,pinova
72,176.54,pinova
77,185.19,pinova
74,175.2,pinova
69,150.5,pinova
66,127.61,pinova
65,131.01,pinova
65,132.56,pinova
68,131.84,pinova
66,123.21,pinova
63,104.09,pinova
52,60.89,pinova
60,89.86,pinova
59,88.29,pinova
51,57.16,pinova
49,54.34,pinova
59,85.59,pinova
50,54.46,pinova
55,69.68,pinova
54,68.18,pinova
60,83.89,pinova
53,61.59,pinova
56,74.54,pinova
50,55.74,pinova
48,46.98,pinova
56,74.52,pinova
62,96.99,pinova
55,72.51,pinova
49,51.29,pinova
57,73.02,pinova
54,67.63,pinova
58,84.45,pinova
58,85.62,pinova
54,64.67,pinova
53,66.45,pinova
48,49.61,pinova
55,71.03,pinova
58,83.63,pinova
55,71.27,pinova
52,59.73,pinova
55,68.63,pinova
61,89.38,pinova
60,91.78,pinova
55,73.9,pinova
60,91.83,pinova
59,92.88,pinova
53,73.79,pinova
57,77.87,pinova
57,77.43,pinova
58,81.77,pinova
54,71.7,pinova
57,79.66,pinova
55,71.34,pinova
56,76.23,pinova
58,81.45,pinova
50,54.12,pinova
56,74.37,pinova
59,83.31,pinova
60,92.4,pinova
60,82.66,pinova
55,68.96,pinova
58,78.94,pinova
45,40.57,pinova
64,107.85,pinova
56,68.82,pinova
55,70.51,pinova
59,90.61,pinova
54,63.47,pinova
58,82.39,pinova
59,83.73,pinova
59,84.52,pinova
56,70.24,pinova
58,82.3,pinova
61,93.71,pinova
56,78.4,pinova
51,57.77,pinova
59,89.58,pinova
51,59.13,pinova
56,75.26,pinova
50,53.76,pinova
60,93.45,pinova
49,53.19,pinova
57,78.82,pinova
57,81.09,pinova
55,65.89,pinova
60,95.5,pinova
59,85.23,pinova
63,100.27,pinova
49,54.4,pinova
62,100.85,pinova
59,84.55,pinova
54,68.26,pinova
64,108.59,pinova
59,85.12,pinova
54,67.57,pinova
58,82.09,pinova
59,83.55,pinova
58,78.28,pinova
59,83.24,pinova
60,92.72,pinova
60,88.96,pinova
55,71.74,pinova
61,95.6,pinova
57,77.93,pinova
61,97.33,pinova
59,84.7,pinova
62,96.44,pinova
61,93.34,pinova
56,76.14,pinova
61,91.78,pinova
61,92.42,pinova
57,77.68,pinova
56,75.6,pinova
75,181.83,pinova
74,164.57,pinova
65,125.19,pinova
62,103.96,pinova
75,175.44,pinova
68,137.8,pinova
71,152.93,pinova
66,123.85,pinova
69,152.2,pinova
66,137.29,pinova
70,163.47,pinova
63,119.77,pinova
70,145.54,pinova
65,122.92,pinova
65,137.35,pinova
70,156.65,pinova
72,160.29,pinova
71,150.37,pinova
75,179.13,pinova
75,176.53,pinova
74,180.13,pinova
72,160.15,pinova
65,119.91,pinova
64,115.63,pinova
66,121.35,pinova
69,135.31,pinova
69,133.72,pinova
72,171.5,pinova
71,152.76,pinova
71,167.96,pinova
71,168.71,pinova
76,188.92,pinova
71,154,pinova
70,154.79,pinova
73,170.56,pinova
70,148.69,pinova
75,180.55,pinova
69,139.79,pinova
76,197.62,pinova
68,134.35,pinova
64,121.41,pinova
74,168.2,pinova
71,160.64,pinova
74,168.85,pinova
81,234.86,pinova
78,204.17,pinova
76,181.5,pinova
61,101.34,pinova
74,190.9,pinova
74,167.81,pinova
73,171.09,pinova
66,129.08,pinova
71,152.82,pinova
58,89.72,pinova
70,145.94,pinova
75,198.23,pinova
65,113.97,pinova
64,126.69,pinova
72,167.81,pinova
73,164.89,pinova
73,167.44,pinova
61,98.13,pinova
67,129.44,pinova
71,148.37,pinova
76,185.62,pinova
72,162.69,pinova
68,146.13,pinova
81,224.51,pinova
66,119.37,pinova
67,128.05,pinova
71,147.59,pinova
68,132.58,pinova
68,134.18,pinova
75,183.46,pinova
70,146.95,pinova
76,180.22,pinova
72,158.21,pinova
68,141.66,pinova
67,145.13,pinova
74,171.7,pinova
76,188.58,pinova
68,142.81,pinova
71,159.48,pinova
75,174.48,pinova
72,154.7,pinova
69,145.87,pinova
72,158.89,pinova
75,188.94,pinova
72,172.83,pinova
75,189.73,pinova
75,164.75,pinova
62,96.99,pinova
74,172.98,pinova
71,143.04,pinova
66,126.47,pinova
71,156.92,pinova
77,188.75,pinova
75,186.58,pinova
71,162.89,pinova
66,136.85,pinova
70,163.05,pinova
68,130.1,pinova
63,112,pinova
79,223.57,pinova
74,159.03,pinova
70,159.35,pinova
67,128.45,pinova
71,150.45,pinova
71,171.81,pinova
77,193.83,pinova
64,112.1,pinova
75,174.97,pinova
68,129.44,pinova
70,149.91,pinova
70,156.54,pinova
71,156.79,pinova
70,147.19,pinova
79,202.7,pinova
68,139.17,pinova
68,148.05,pinova
70,155.05,pinova
74,182.69,pinova
72,156.55,pinova
79,220.01,pinova
70,144.65,pinova
66,124.61,pinova
65,117.9,pinova
67,131.12,pinova
71,160.91,pinova
65,132.81,pinova
74,186.5,pinova
69,146.1,pinova
64,113.39,pinova
67,135.89,pinova
66,124.86,pinova
64,116.33,pinova
65,115.45,pinova
67,138.07,pinova
70,144.71,pinova
68,129.97,pinova
66,118.22,pinova
77,199.96,pinova
63,104.44,pinova
66,127.85,pinova
65,123.65,pinova
61,93.28,pinova
65,117.19,pinova
64,120.17,pinova
62,105.44,pinova
71,157.19,pinova
66,126.04,pinova
59,98.19,pinova
68,137.7,pinova
66,125.39,pinova
71,151.8,pinova
51,66.93,pinova
62,107.75,pinova
57,83.72,pinova
72,155.88,pinova
68,140.71,pinova
64,116.68,pinova
57,86.05,pinova
63,117.51,pinova
61,109.52,pinova
68,144.48,pinova
53,71.78,pinova
61,102.12,pinova
62,113.93,pinova
60,94.1,pinova
63,109.65,pinova
67,121.41,pinova
62,108.09,pinova
69,141.27,pinova
58,88.79,pinova
60,96.37,pinova
57,84.74,pinova
69,149.42,pinova
64,127.2,pinova
65,123.39,pinova
71,147.56,pinova
54,75.43,pinova
56,78.8,pinova
60,100.91,pinova
57,90.57,pinova
68,134.18,pinova
71,146.73,pinova
59,91.39,pinova
69,142.03,pinova
57,85.26,pinova
72,163.18,pinova
69,133.03,pinova
61,104.55,pinova
64,110.07,pinova
67,126.41,pinova
73,171.19,pinova
64,125.54,pinova
61,104.3,pinova
69,150.98,pinova
66,132.66,pinova
71,150.88,pinova
68,137.45,pinova
74,165.63,pinova
76,183.82,pinova
75,152,pinova
71,151.66,pinova
68,180.36,pinova
73,175.39,pinova
74,145.48,pinova
66,189.33,pinova
74,150.68,pinova
70,135.65,pinova
67,144.16,pinova
68,142.23,pinova
69,142.54,pinova
68,145.92,pinova
70,148.54,pinova
70,150.5,pinova
68,156.51,pinova
72,168.62,pinova
73,128,pinova
70,153.21,pinova
72,179.5,pinova
74,140.75,pinova
67,141.19,pinova
69,128.32,pinova
66,181.41,pinova
75,184.25,pinova
77,153.76,pinova
69,162.23,pinova
73,152.85,pinova
69,138.41,pinova
70,158.85,pinova
71,124.83,pinova
64,202.02,pinova
79,158.1,pinova
71,159.8,pinova
72,135.79,pinova
69,156.96,pinova
71,157.75,pinova
71,172.14,pinova
71,165.52,pinova
73,167.36,pinova
72,180.16,pinova
67,131.27,pinova
68,128.17,pinova
69,143.23,pinova
68,136.39,pinova
67,134.58,pinova
70,147.1,pinova
69,148.3,pinova
75,176.9,pinova
66,132.94,pinova
70,147.04,pinova
71,153.71,pinova
65,124.81,pinova
69,151.68,pinova
75,186.17,pinova
68,144.17,pinova
67,142.46,pinova
67,143.89,pinova
68,137.21,pinova
67,129.19,pinova
69,147.26,pinova
71,158.41,pinova
67,141.19,pinova
68,149.28,pinova
69,152.4,pinova
67,152.17,pinova
71,156.8,pinova
76,198.53,pinova
72,165.17,pinova
71,154.62,pinova
74,175.2,pinova
72,165.58,pinova
70,157.35,pinova
72,177.91,pinova
76,181.49,pinova
74,176.24,pinova
68,132.49,pinova
71,157.45,pinova
68,132.71,pinova
74,185.62,pinova
75,188.37,pinova
69,158.06,pinova
67,135.57,pinova
74,173.16,pinova
75,180.28,pinova
70,148.65,pinova
73,167.1,pinova
70,149.83,pinova
72,175.86,pinova
75,183.69,pinova
70,150.35,pinova
69,143.65,pinova
70,150.75,pinova
68,137.82,pinova
75,195.71,pinova
71,160.55,pinova
62,104.48,pinova
72,154.47,pinova
73,173.77,pinova
73,159.23,pinova
66,150.14,pinova
70,158.11,pinova
67,140.57,pinova
78,196.95,pinova
77,222.37,pinova
68,148.9,pinova
68,152.17,pinova
65,133.07,pinova
69,146.88,pinova
65,120.99,pinova
73,179.4,pinova
70,163.71,pinova
68,138.82,pinova
73,155.55,pinova
73,166.51,pinova
74,189.14,pinova
70,150.99,pinova
73,166.53,pinova
71,151.12,pinova
72,162.48,pinova
69,142.91,pinova
74,164.02,pinova
67,125.2,pinova
74,188.75,pinova
71,153.53,pinova
70,141.17,pinova
65,113.02,pinova
68,126.25,pinova
64,121.36,pinova
70,157.69,pinova
62,97.02,pinova
65,122.43,pinova
65,121.63,pinova
65,130.13,pinova
61,100.99,pinova
65,123.5,pinova
67,118.06,pinova
73,149.37,pinova
67,123.88,pinova
59,89.94,pinova
70,149.16,pinova
67,135.5,pinova
67,129.57,pinova
64,119.25,pinova
70,143.64,pinova
64,114.31,pinova
60,92.05,pinova
69,143.38,pinova
69,140.37,pinova
59,91.66,pinova
67,142.76,pinova
64,115.71,pinova
75,178.87,pinova
71,159.1,pinova
76,183.88,pinova
73,162.13,pinova
66,126.36,pinova
65,126.03,pinova
68,127.06,pinova
65,126.77,pinova
68,136.31,pinova
66,131.81,pinova
59,93.59,pinova
64,110.79,pinova
66,133.21,pinova
67,129.32,pinova
67,133.03,pinova
59,96.89,pinova
68,135.29,pinova
53,68.83,pinova
68,137.1,pinova
80,228.28,pinova
73,182.31,pinova
66,128.81,pinova
70,154.65,pinova
73,161.7,pinova
77,184.64,pinova
72,180.16,pinova
78,203.38,pinova
70,156.64,pinova
78,200.15,pinova
78,205.33,pinova
71,164.17,pinova
67,136.25,pinova
76,179.92,pinova
78,204.46,pinova
65,119.51,pinova
68,131.91,pinova
68,144.74,pinova
64,108.04,pinova
73,162.99,pinova
71,151.31,pinova
70,152.86,pinova
68,136.36,pinova
73,166.18,pinova
71,149.9,pinova
67,129.05,pinova
74,179.78,pinova
73,159.69,pinova
71,171.9,pinova
78,201.28,pinova
79,210.15,pinova
71,168.29,pinova
74,173.57,pinova
71,156.54,pinova
71,175.24,pinova
70,153.23,pinova
78,198.99,pinova
70,161.89,pinova
74,177.77,pinova
74,172.53,pinova
76,199.9,pinova
67,133.03,pinova
73,169.61,pinova
76,201.56,pinova
74,188,pinova
70,159.01,pinova
69,140.89,pinova
71,151.52,pinova
73,166.56,pinova
82,249.89,pinova
74,166.47,pinova
81,217.37,pinova
72,176.86,pinova
81,233.43,pinova
69,143.65,pinova
65,124.19,pinova
43.13,35.37,Holyday
53.45,50.59,Holyday
47.01,56.76,Holyday
50.9,56.56,Holyday
53.97,61.7,Holyday
55.07,71.77,Holyday
57.22,73.01,Holyday
55.42,74.86,Holyday
55.77,75.27,Holyday
57.33,75.48,Holyday
58.2,75.48,Holyday
57.45,77.53,Holyday
57.16,78.35,Holyday
60.64,76.5,Holyday
59.71,80.41,Holyday
59.07,80.82,Holyday
58.72,81.85,Holyday
61.57,81.23,Holyday
59.07,84.94,Holyday
60.29,84.11,Holyday
60.93,84.52,Holyday
60.12,85.14,Holyday
59.94,86.17,Holyday
60.35,86.38,Holyday
61.1,85.96,Holyday
61.68,85.55,Holyday
61.68,86.99,Holyday
62.38,86.58,Holyday
62.49,88.02,Holyday
62.67,89.87,Holyday
63.07,89.67,Holyday
63.71,89.67,Holyday
64.17,90.49,Holyday
63.36,92.13,Holyday
62.2,89.67,Holyday
62.26,91.31,Holyday
61.22,88.64,Holyday
61.39,90.28,Holyday
61.68,91.52,Holyday
60.17,93.16,Holyday
60.64,93.37,Holyday
62.26,92.96,Holyday
64.35,93.16,Holyday
62.78,94.19,Holyday
62.26,94.6,Holyday
61.91,94.6,Holyday
61.68,94.81,Holyday
60.93,96.04,Holyday
60.52,96.86,Holyday
62.2,96.04,Holyday
62.61,96.04,Holyday
63.07,95.22,Holyday
63.3,96.04,Holyday
64,96.45,Holyday
64.58,97.07,Holyday
65.91,96.04,Holyday
64.75,99.54,Holyday
64.41,99.54,Holyday
64.17,99.33,Holyday
63.71,99.33,Holyday
63.19,98.92,Holyday
62.96,99.33,Holyday
62.26,98.92,Holyday
62.26,100.77,Holyday
63.19,101.8,Holyday
63.48,100.57,Holyday
64.7,101.59,Holyday
66.14,100.57,Holyday
65.04,101.8,Holyday
65.51,102.01,Holyday
66.49,103.03,Holyday
65.62,103.44,Holyday
65.16,103.65,Holyday
64.81,103.65,Holyday
64.23,103.03,Holyday
63.83,103.24,Holyday
63.83,104.68,Holyday
63.07,105.5,Holyday
64.46,104.88,Holyday
64.17,105.91,Holyday
64.99,105.3,Holyday
65.57,105.91,Holyday
66.78,104.88,Holyday
67.48,106.53,Holyday
66.96,107.76,Holyday
65.22,106.94,Holyday
64.81,106.94,Holyday
63.25,107.56,Holyday
63.77,107.97,Holyday
64.06,109.41,Holyday
62.03,111.67,Holyday
65.28,108.17,Holyday
65.62,108.59,Holyday
65.91,109.41,Holyday
67.19,109.82,Holyday
67.36,110.85,Holyday
66.26,111.05,Holyday
65.74,112.29,Holyday
65.22,112.08,Holyday
65.04,113.52,Holyday
66.2,113.73,Holyday
66.96,112.9,Holyday
67.19,114.14,Holyday
68,113.93,Holyday
68.64,113.52,Holyday
68.99,113.73,Holyday
69.04,115.37,Holyday
68.7,114.96,Holyday
67.94,114.96,Holyday
67.59,114.96,Holyday
67.19,115.58,Holyday
66.78,114.55,Holyday
66.43,116.4,Holyday
65.91,117.63,Holyday
65.74,118.46,Holyday
66.49,118.87,Holyday
67.07,118.87,Holyday
67.42,118.25,Holyday
67.88,117.22,Holyday
68.35,118.05,Holyday
67.88,119.49,Holyday
67.48,119.69,Holyday
68.17,121.13,Holyday
66.55,120.93,Holyday
65.86,122.16,Holyday
69.04,120.72,Holyday
70.49,119.49,Holyday
70.2,121.54,Holyday
69.8,123.6,Holyday
69.45,123.39,Holyday
68.87,124.63,Holyday
68.12,124.63,Holyday
68.12,126.48,Holyday
71.01,123.6,Holyday
70.84,125.86,Holyday
69.62,129.56,Holyday
68.81,129.77,Holyday
68.81,130.59,Holyday
69.22,131,Holyday
70.14,131.62,Holyday
70.2,132.65,Holyday
70.9,133.06,Holyday
71.07,135.32,Holyday
70.38,135.73,Holyday
69.57,135.12,Holyday
71.83,138.82,Holyday
73.51,148.28,Holyday
69.1,88.43,Holyday
69.51,89.67,Holyday
58.09,80,Holyday
